Make,Model,Vehicle class,Production start year,Production end year,Production start month,Production end month,Series / facelift,Generation,Full Model Code,Chassis Code,Trim,Emissions Prefix,Trim Suffix Code,Engine code,Engine type,Body type,Doors,Length mm,Width mm,Height mm,Wheelbase mm,Ground clearance mm,Engine displacement L,Engine displacement cc,Engine configuration,Fuel Category,Fuel type,Fuel Grade,Transmission,Drivetrain,Horsepower,Torque,Torque unit,Fuel tank capacity,Fuel tank unit,fuel economy (km/L),Estimated (Km) per re-fuel,Seating capacity,Curb weight kg,Gross vehicle weight kg,Max payload kg,Max towing kg,Front brake type,Rear brake type,Brake size mm,Tire size,Front tire size,Rear tire size,Bolt pattern,Wheel offset mm,Engine oil capacity L,Coolant capacity L,Final drive,Cooling type,Starter type,Seat height mm,Front suspension,Rear suspension,Gear count,Dry weight kg,Wheel size front,Wheel size rear,ID,Created at,Updated at
Toyota,Succeed,car,2002,2014,,,Van 1.5 2WD,1st Gen,,NCP51V,,,,1NZ-FE,,Van,5,,,,,,1.5,1496,Inline-4,Gas,Petrol,87,4AT,2WD,,,,,,,,5,,,,,,,,,,,,,,,,,,,,,,,,,,,
Toyota,Succeed,car,2014,,,,Van 1.5 2WD,2nd Gen,,NCP160V,,,,1NZ-FE,,Van,5,,,,,,1.5,1496,Inline-4,Gas,Petrol,87,CVT,2WD,,,,,,,,5,,,,,,,,,,,,,,,,,,,,,,,,,,,
Toyota,Succeed,car,2002,2014,,,Wagon 1.5,1st Gen,,NCP58G,,,,1NZ-FE,,Station Wagon,5,,,,,,1.5,1496,Inline-4,Gas,Petrol,87,4AT,2WD,,,,,,,,5,,,,,,,,,,,,,,,,,,,,,,,,,,,
Toyota,Passo,car,2004,2010,,,1st Gen,1st Gen,,KGC10,,,,1KR-FE,,Hatchback,5,,,,,,1,996,Inline-3,Gas,Petrol,87,4AT,2WD,,,,,,,,5,,,,,,,,,,,,,,,,,,,,,,,,,,,
Toyota,Passo,car,2010,2016,,,2nd Gen,2nd Gen,,KGC30,,,,1KR-FE,,Hatchback,5,,,,,,1,996,Inline-3,Gas,Petrol,87,CVT,2WD,,,,,,,,5,,,,,,,,,,,,,,,,,,,,,,,,,,,
Toyota,Passo,car,2016,,,,3rd Gen,3rd Gen,,M700A,,,,1KR-FE,,Hatchback,5,,,,,,1,996,Inline-3,Gas,Petrol,87,CVT,2WD,,,,,,,,5,,,,,,,,,,,,,,,,,,,,,,,,,,,
Toyota,Ractis,car,2005,2010,,,1st Gen,1st Gen,,NCP100,,,,1NZ-FE,,Hatchback,5,,,,,,1.5,1496,Inline-4,Gas,Petrol,87,CVT,2WD,,,,,,,,5,,,,,,,,,,,,,,,,,,,,,,,,,,,
Toyota,Ractis,car,2010,2016,,,2nd Gen,2nd Gen,,NSP120,,,,1NR-FE,,Hatchback,5,,,,,,1.3,1329,Inline-4,Gas,Petrol,87,CVT,2WD,,,,,,,,5,,,,,,,,,,,,,,,,,,,,,,,,,,,
Toyota,bB,car,2005,2016,,,2nd Gen,2nd Gen,,QNC20,,,,K3-VE,,Hatchback,5,,,,,,1.3,1298,Inline-4,Gas,Petrol,87,4AT,2WD,,,,,,,,5,,,,,,,,,,,,,,,,,,,,,,,,,,,
Toyota,Porte,car,2004,2012,,,1st Gen,1st Gen,,NNP11,,,,1NZ-FE,,Hatchback,5,,,,,,1.5,1496,Inline-4,Gas,Petrol,87,4AT,2WD,,,,,,,,5,,,,,,,,,,,,,,,,,,,,,,,,,,,
Toyota,Porte,car,2012,,,,2nd Gen,2nd Gen,,NSP141,,,,1NR-FE,,Hatchback,5,,,,,,1.3,1329,Inline-4,Gas,Petrol,87,CVT,2WD,,,,,,,,5,,,,,,,,,,,,,,,,,,,,,,,,,,,
Toyota,Spade,car,2012,,,,1st Gen,1st Gen,,NSP141,,,,1NR-FE,,Hatchback,5,,,,,,1.3,1329,Inline-4,Gas,Petrol,87,CVT,2WD,,,,,,,,5,,,,,,,,,,,,,,,,,,,,,,,,,,,
Toyota,Sienta,car,2003,2015,,,1st Gen,1st Gen,,NCP81G,,,,1NZ-FE,,Minivan,5,,,,,,1.5,1496,Inline-4,Gas,Petrol,87,4AT,2WD,,,,,,,,7,,,,,,,,,,,,,,,,,,,,,,,,,,,
Toyota,Sienta,car,2015,,,,2nd Gen Gas,2nd Gen,,NSP170G,,,,2NR-FKE,,Minivan,5,,,,,,1.5,1496,Inline-4,Gas,Petrol,87,CVT,2WD,,,,,,,,7,,,,,,,,,,,,,,,,,,,,,,,,,,,
Toyota,Sienta,car,2015,,,,2nd Gen Hybrid,2nd Gen,,NHP170G,,,,1NZ-FXE,,Minivan,5,,,,,,1.5,1496,Inline-4,Hybrid,Hybrid(petrol),87,eCVT,2WD,,,,,,,,7,,,,,,,,,,,,,,,,,,,,,,,,,,,
Toyota,Wish,car,2003,2009,,,1st Gen,1st Gen,,ZNE10G,,,,1ZZ-FE,,Minivan,5,,,,,,1.8,1794,Inline-4,Gas,Petrol,87,CVT,2WD,,,,,,,,7,,,,,,,,,,,,,,,,,,,,,,,,,,,
Toyota,Wish,car,2009,2017,,,2nd Gen,2nd Gen,,ZGE20W,,,,2ZR-FAE,,Minivan,5,,,,,,1.8,1797,Inline-4,Gas,Petrol,87,CVT,2WD,,,,,,,,7,,,,,,,,,,,,,,,,,,,,,,,,,,,
Toyota,Ipsum,car,2001,2009,,,2nd Gen,2nd Gen,,ACM21W,,,,2AZ-FE,,Minivan,5,,,,,,2.4,2362,Inline-4,Gas,Petrol,87,4AT,2WD,,,,,,,,7,,,,,,,,,,,,,,,,,,,,,,,,,,,
Toyota,Isis,car,2004,2017,,,1st Gen,1st Gen,,ANM10W,,,,1AZ-FSE,,Minivan,5,,,,,,2,1998,Inline-4,Gas,Petrol,87,CVT,2WD,,,,,,,,7,,,,,,,,,,,,,,,,,,,,,,,,,,,
Toyota,Esquire,car,2014,2021,,,1st Gen Gas,1st Gen,,ZRR80G,,,,3ZR-FAE,,Minivan,5,,,,,,2,1986,Inline-4,Gas,Petrol,87,CVT,2WD,,,,,,,,7,,,,,,,,,,,,,,,,,,,,,,,,,,,
Toyota,Esquire,car,2014,2021,,,1st Gen Hybrid,1st Gen,,ZWR80G,,,,2ZR-FXE,,Minivan,5,,,,,,1.8,1797,Inline-4,Hybrid,Hybrid(petrol),87,eCVT,2WD,,,,,,,,7,,,,,,,,,,,,,,,,,,,,,,,,,,,
Toyota,Alphard,car,2002,2008,,,1st Gen,1st Gen,,ANH10W,,,,2AZ-FE,,Minivan,5,,,,,,2.4,2362,Inline-4,Gas,Petrol,87,4AT,2WD,,,,,,,,7,,,,,,,,,,,,,,,,,,,,,,,,,,,
Toyota,Alphard,car,2008,2015,,,2nd Gen,2nd Gen,,ANH20W,,,,2AZ-FE,,Minivan,5,,,,,,2.4,2362,Inline-4,Gas,Petrol,87,CVT,2WD,,,,,,,,7,,,,,,,,,,,,,,,,,,,,,,,,,,,
Toyota,Alphard,car,2015,,,,3rd Gen Gas,3rd Gen,,AGH30W,,,,2AR-FE,,Minivan,5,,,,,,2.5,2494,Inline-4,Gas,Petrol,87,CVT,2WD,,,,,,,,7,,,,,,,,,,,,,,,,,,,,,,,,,,,
Toyota,Vellfire,car,2008,2015,,,1st Gen,1st Gen,,ANH20W,,,,2AZ-FE,,Minivan,5,,,,,,2.4,2362,Inline-4,Gas,Petrol,87,CVT,2WD,,,,,,,,7,,,,,,,,,,,,,,,,,,,,,,,,,,,
Toyota,Vellfire,car,2015,,,,2nd Gen Gas,2nd Gen,,AGH30W,,,,2AR-FE,,Minivan,5,,,,,,2.5,2494,Inline-4,Gas,Petrol,87,CVT,2WD,,,,,,,,7,,,,,,,,,,,,,,,,,,,,,,,,,,,
Toyota,Estima,car,2006,2019,,,3rd Gen Gas,3rd Gen,,ACR50W,,,,2AZ-FE,,Minivan,5,,,,,,2.4,2362,Inline-4,Gas,Petrol,87,CVT,2WD,,,,,,,,7,,,,,,,,,,,,,,,,,,,,,,,,,,,
Toyota,Estima,car,2006,2019,,,3rd Gen Hybrid,3rd Gen,,AHR20W,,,,2AZ-FXE,,Minivan,5,,,,,,2.4,2362,Inline-4,Hybrid,Hybrid(petrol),87,eCVT,AWD,,,,,,,,7,,,,,,,,,,,,,,,,,,,,,,,,,,,
Toyota,Allion,car,2007,2021,,,1.5 2WD,2nd Gen,,NZT260,,,,1NZ-FE,,Sedan,4,,,,,,1.5,1496,Inline-4,Gas,Petrol,87,CVT,2WD,,,,,,,,5,,,,,,,,,,,,,,,,,,,,,,,,,,,
Toyota,Allion,car,2007,2021,,,1.8 2WD,2nd Gen,,ZRT260,,,,2ZR-FAE,,Sedan,4,,,,,,1.8,1797,Inline-4,Gas,Petrol,87,CVT,2WD,,,,,,,,5,,,,,,,,,,,,,,,,,,,,,,,,,,,
Toyota,Premio,car,2007,2021,,,1.5 2WD,2nd Gen,,NZT260,,,,1NZ-FE,,Sedan,4,,,,,,1.5,1496,Inline-4,Gas,Petrol,87,CVT,2WD,,,,,,,,5,,,,,,,,,,,,,,,,,,,,,,,,,,,
Toyota,Premio,car,2007,2021,,,1.8 2WD,2nd Gen,,ZRT260,,,,2ZR-FAE,,Sedan,4,,,,,,1.8,1797,Inline-4,Gas,Petrol,87,CVT,2WD,,,,,,,,5,,,,,,,,,,,,,,,,,,,,,,,,,,,
Toyota,Corolla Rumion,car,2007,2015,,,1st Gen,1st Gen,,NZE151N,,,,1NZ-FE,,Hatchback,5,,,,,,1.5,1496,Inline-4,Gas,Petrol,87,CVT,2WD,,,,,,,,5,,,,,,,,,,,,,,,,,,,,,,,,,,,
Toyota,Belta,car,2005,2012,,,1.0,1st Gen,,SCP92,,,,1KR-FE,,Sedan,4,,,,,,1,996,Inline-3,Gas,Petrol,87,CVT,2WD,,,,,,,,5,,,,,,,,,,,,,,,,,,,,,,,,,,,
Toyota,Belta,car,2005,2012,,,1.3,1st Gen,,NCP96,,,,2NZ-FE,,Sedan,4,,,,,,1.3,1298,Inline-4,Gas,Petrol,87,4AT,2WD,,,,,,,,5,,,,,,,,,,,,,,,,,,,,,,,,,,,
Toyota,Platz,car,1999,2005,,,1st Gen,1st Gen,,SCP11,,,,1SZ-FE,,Sedan,4,,,,,,1,997,Inline-4,Gas,Petrol,87,4AT,2WD,,,,,,,,5,,,,,,,,,,,,,,,,,,,,,,,,,,,
Toyota,Ist,car,2002,2007,,,1st Gen,1st Gen,,NCP60,,,,2NZ-FE,,Hatchback,5,,,,,,1.3,1298,Inline-4,Gas,Petrol,87,4AT,2WD,,,,,,,,5,,,,,,,,,,,,,,,,,,,,,,,,,,,
Toyota,Ist,car,2007,2016,,,2nd Gen,2nd Gen,,NCP110,,,,1NZ-FE,,Hatchback,5,,,,,,1.5,1496,Inline-4,Gas,Petrol,87,CVT,2WD,,,,,,,,5,,,,,,,,,,,,,,,,,,,,,,,,,,,
Toyota,Auris,car,2006,2012,,,1st Gen,1st Gen,,NZE151H,,,,1NZ-FE,,Hatchback,5,,,,,,1.5,1496,Inline-4,Gas,Petrol,87,CVT,2WD,,,,,,,,5,,,,,,,,,,,,,,,,,,,,,,,,,,,
Toyota,Auris,car,2012,2018,,,2nd Gen Hybrid,2nd Gen,,ZWE186H,,,,2ZR-FXE,,Hatchback,5,,,,,,1.8,1797,Inline-4,Hybrid,Hybrid(petrol),87,eCVT,2WD,,,,,,,,5,,,,,,,,,,,,,,,,,,,,,,,,,,,
Toyota,Prius,car,2003,2009,,,2nd Gen,2nd Gen,,NHW20,,,,1NZ-FXE,,Hatchback,5,,,,,,1.5,1496,Inline-4,Hybrid,Hybrid(petrol),87,eCVT,2WD,,,,,,,,5,,,,,,,,,,,,,,,,,,,,,,,,,,,
Toyota,Prius,car,2009,2015,,,3rd Gen,3rd Gen,,ZVW30,,,,2ZR-FXE,,Hatchback,5,,,,,,1.8,1797,Inline-4,Hybrid,Hybrid(petrol),87,eCVT,2WD,,,,,,,,5,,,,,,,,,,,,,,,,,,,,,,,,,,,
Toyota,Prius,car,2015,2022,,,4th Gen,4th Gen,,ZVW50,,,,2ZR-FXE,,Hatchback,5,,,,,,1.8,1797,Inline-4,Hybrid,Hybrid(petrol),87,eCVT,2WD,,,,,,,,5,,,,,,,,,,,,,,,,,,,,,,,,,,,
Toyota,Prius Alpha,car,2011,2021,,,1st Gen,1st Gen,,ZVW40W,,,,2ZR-FXE,,Station Wagon,5,,,,,,1.8,1797,Inline-4,Hybrid,Hybrid(petrol),87,eCVT,2WD,,,,,,,,7,,,,,,,,,,,,,,,,,,,,,,,,,,,
Toyota,Mark X,car,2004,2009,,,1st Gen 2.5,1st Gen,,GRX120,,,,4GR-FSE,,Sedan,4,,,,,,2.5,2499,V6,Gas,Petrol,87,6AT,2WD,,,,,,,,5,,,,,,,,,,,,,,,,,,,,,,,,,,,
Toyota,Mark X,car,2009,2019,,,2nd Gen 2.5,2nd Gen,,GRX130,,,,4GR-FSE,,Sedan,4,,,,,,2.5,2499,V6,Gas,Petrol,87,6AT,2WD,,,,,,,,5,,,,,,,,,,,,,,,,,,,,,,,,,,,
Toyota,Mark X Zio,car,2007,2013,,,1st Gen,1st Gen,,ANA10,,,,2AZ-FE,,Minivan,5,,,,,,2.4,2362,Inline-4,Gas,Petrol,87,CVT,2WD,,,,,,,,7,,,,,,,,,,,,,,,,,,,,,,,,,,,
Toyota,Camry,car,2006,2011,,,6th Gen,6th Gen,,ACV40,,,,2AZ-FE,,Sedan,4,,,,,,2.4,2362,Inline-4,Gas,Petrol,87,5AT,2WD,,,,,,,,5,,,,,,,,,,,,,,,,,,,,,,,,,,,
Toyota,Camry,car,2011,2017,,,7th Gen Hybrid,7th Gen,,AVV50,,,,2AR-FXE,,Sedan,4,,,,,,2.5,2494,Inline-4,Hybrid,Hybrid(petrol),87,eCVT,2WD,,,,,,,,5,,,,,,,,,,,,,,,,,,,,,,,,,,,
Toyota,Camry,car,2017,,,,8th Gen Hybrid,8th Gen,,AXVH70,,,,A25A-FXS,,Sedan,4,,,,,,2.5,2487,Inline-4,Hybrid,Hybrid(petrol),87,eCVT,2WD,,,,,,,,5,,,,,,,,,,,,,,,,,,,,,,,,,,,
Toyota,Harrier,car,2003,2013,,,2nd Gen,2nd Gen,,ACU30W,,,,2AZ-FE,,SUV,5,,,,,,2.4,2362,Inline-4,Gas,Petrol,87,4AT,2WD,,,,,,,,5,,,,,,,,,,,,,,,,,,,,,,,,,,,
Toyota,Harrier,car,2013,2020,,,3rd Gen Gas,3rd Gen,,ZSU60W,,,,3ZR-FAE,,SUV,5,,,,,,2,1986,Inline-4,Gas,Petrol,87,CVT,2WD,,,,,,,,5,,,,,,,,,,,,,,,,,,,,,,,,,,,
Toyota,Harrier,car,2020,,,,4th Gen Hybrid,4th Gen,,AXUH80,,,,A25A-FXS,,SUV,5,,,,,,2.5,2487,Inline-4,Hybrid,Hybrid(petrol),87,eCVT,2WD,,,,,,,,5,,,,,,,,,,,,,,,,,,,,,,,,,,,
Toyota,Rush,car,2006,2016,,,1st Gen,1st Gen,,J210E,,,,3SZ-VE,,SUV,5,,,,,,1.5,1495,Inline-4,Gas,Petrol,87,4AT,2WD,,,,,,,,5,,,,,,,,,,,,,,,,,,,,,,,,,,,
Toyota,Kluger,car,2000,2007,,,1st Gen,1st Gen,,ACU20W,,,,2AZ-FE,,SUV,5,,,,,,2.4,2362,Inline-4,Gas,Petrol,87,4AT,2WD,,,,,,,,7,,,,,,,,,,,,,,,,,,,,,,,,,,,
Toyota,Kluger,car,2007,2013,,,2nd Gen,2nd Gen,,GSU45W,,,,2GR-FE,,SUV,5,,,,,,3.5,3456,V6,Gas,Petrol,87,5AT,AWD,,,,,,,,7,,,,,,,,,,,,,,,,,,,,,,,,,,,
Toyota,Vanguard,car,2007,2013,,,1st Gen,1st Gen,,ACA33W,,,,2AZ-FE,,SUV,5,,,,,,2.4,2362,Inline-4,Gas,Petrol,87,CVT,2WD,,,,,,,,7,,,,,,,,,,,,,,,,,,,,,,,,,,,
Toyota,Land Cruiser Prado,car,2009,2015,,,150 Diesel,4th Gen,,KDJ150W,,,,1KD-FTV,,SUV,5,,,,,,3,2982,Inline-4,Diesel,Diesel,Diesel,5AT,4WD,,,,,,,,7,,,,,,,,,,,,,,,,,,,,,,,,,,,
Toyota,Land Cruiser Prado,car,2009,,,,150 Petrol 2.7,4th Gen,,TRJ150W,,,,2TR-FE,,SUV,5,,,,,,2.7,2693,Inline-4,Gas,Petrol,87,6AT,4WD,,,,,,,,7,,,,,,,,,,,,,,,,,,,,,,,,,,,
Toyota,Land Cruiser Prado,car,2015,,,,150 Diesel 2.8,4th Gen,,GDJ150W,,,,1GD-FTV,,SUV,5,,,,,,2.8,2754,Inline-4,Diesel,Diesel,Diesel,6AT,4WD,,,,,,,,7,,,,,,,,,,,,,,,,,,,,,,,,,,,
Toyota,Land Cruiser,car,2007,2021,,,200 Petrol,200 Series,,URJ202W,,,,1UR-FE,,SUV,5,,,,,,4.6,4608,V8,Gas,Petrol,87,6AT,4WD,,,,,,,,8,,,,,,,,,,,,,,,,,,,,,,,,,,,
Toyota,Hilux,car,2004,2015,,,Vigo Diesel,7th Gen,,KUN25,,,,2KD-FTV,,Pick up,4,,,,,,2.5,2494,Inline-4,Diesel,Diesel,Diesel,5MT,4WD,,,,,,,,5,,,,,,,,,,,,,,,,,,,,,,,,,,,
Toyota,Hilux,car,2015,,,,Revo Diesel,8th Gen,,GUN125,,,,2GD-FTV,,Pick up,4,,,,,,2.4,2393,Inline-4,Diesel,Diesel,Diesel,6AT,4WD,,,,,,,,5,,,,,,,,,,,,,,,,,,,,,,,,,,,
Toyota,Hilux Surf,car,2002,2009,,,4th Gen,4th Gen,,TRN215W,,,,2TR-FE,,SUV,5,,,,,,2.7,2693,Inline-4,Gas,Petrol,87,4AT,4WD,,,,,,,,5,,,,,,,,,,,,,,,,,,,,,,,,,,,
Toyota,Hiace,car,2004,,,,Van Petrol 2.0,5th Gen,,TRH200V,,,,1TR-FE,,Van,5,,,,,,2,1998,Inline-4,Gas,Petrol,87,4AT,2WD,,,,,,,,3,,,,,,,,,,,,,,,,,,,,,,,,,,,
Toyota,Hiace,car,2004,,,,Van Diesel 3.0,5th Gen,,KDH201V,,,,1KD-FTV,,Van,5,,,,,,3,2982,Inline-4,Diesel,Diesel,Diesel,4AT,2WD,,,,,,,,3,,,,,,,,,,,,,,,,,,,,,,,,,,,
Toyota,Hiace,car,2017,,,,Van Diesel 2.8,5th Gen,,GDH201V,,,,1GD-FTV,,Van,5,,,,,,2.8,2754,Inline-4,Diesel,Diesel,Diesel,6AT,2WD,,,,,,,,3,,,,,,,,,,,,,,,,,,,,,,,,,,,
Toyota,Hiace,car,2004,,,,Commuter Diesel,5th Gen,,TRH223B,,,,2TR-FE,,Bus,4,,,,,,2.7,2693,Inline-4,Gas,Petrol,87,4AT,2WD,,,,,,,,14,,,,,,,,,,,,,,,,,,,,,,,,,,,
Toyota,Regiusace,car,2004,,,,Van Diesel,5th Gen,,KDH201V,,,,1KD-FTV,,Van,5,,,,,,3,2982,Inline-4,Diesel,Diesel,Diesel,4AT,2WD,,,,,,,,3,,,,,,,,,,,,,,,,,,,,,,,,,,,
Toyota,Coaster,car,2007,,,,Diesel Bus,4th Gen,,XZB50,,,,N04C,,Bus,3,,,,,,4,4009,Inline-4,Diesel,Diesel,Diesel,5MT,2WD,,,,,,,,29,,,,,,,,,,,,,,,,,,,,,,,,,,,
Toyota,Dyna,car,2011,,,,Truck Diesel,7th Gen,,XZU605,,,,N04C,,Truck,2,,,,,,4,4009,Inline-4,Diesel,Diesel,Diesel,5MT,2WD,,,,,,,,3,,,,,,,,,,,,,,,,,,,,,,,,,,,
Toyota,Toyoace,car,2011,,,,Truck Diesel,7th Gen,,XZU605,,,,N04C,,Truck,2,,,,,,4,4009,Inline-4,Diesel,Diesel,Diesel,5MT,2WD,,,,,,,,3,,,,,,,,,,,,,,,,,,,,,,,,,,,
Toyota,Townace,car,2008,,,,Van 1.5,5th Gen,,S402M,,,,3SZ-VE,,Van,5,,,,,,1.5,1495,Inline-4,Gas,Petrol,87,4AT,2WD,,,,,,,,5,,,,,,,,,,,,,,,,,,,,,,,,,,,
Toyota,Liteace,car,2008,,,,Van 1.5,5th Gen,,S402M,,,,3SZ-VE,,Van,5,,,,,,1.5,1495,Inline-4,Gas,Petrol,87,4AT,2WD,,,,,,,,5,,,,,,,,,,,,,,,,,,,,,,,,,,,
Toyota,Raize,car,2019,,,,1st Gen,1st Gen,,A200A,,,,1KR-VET,,SUV,5,,,,,,1,996,Inline-3,Gas,Petrol,87,CVT,2WD,,,,,,,,5,,,,,,,,,,,,,,,,,,,,,,,,,,,
Toyota,Tank,car,2016,2020,,,1st Gen,1st Gen,,M900A,,,,1KR-FE,,Hatchback,5,,,,,,1,996,Inline-3,Gas,Petrol,87,CVT,2WD,,,,,,,,5,,,,,,,,,,,,,,,,,,,,,,,,,,,
Toyota,Sai,car,2009,2017,,,1st Gen,1st Gen,,AZK10,,,,2AZ-FXE,,Sedan,4,,,,,,2.4,2362,Inline-4,Hybrid,Hybrid(petrol),87,eCVT,2WD,,,,,,,,5,,,,,,,,,,,,,,,,,,,,,,,,,,,
Toyota,Blade,car,2006,2012,,,1st Gen,1st Gen,,AZE156H,,,,2AZ-FE,,Hatchback,5,,,,,,2.4,2362,Inline-4,Gas,Petrol,87,CVT,2WD,,,,,,,,5,,,,,,,,,,,,,,,,,,,,,,,,,,,
Toyota,Caldina,car,2002,2007,,,3rd Gen,3rd Gen,,AZT241W,,,,1AZ-FSE,,Station Wagon,5,,,,,,2,1998,Inline-4,Gas,Petrol,87,4AT,2WD,,,,,,,,5,,,,,,,,,,,,,,,,,,,,,,,,,,,
Toyota,Funcargo,car,1999,2005,,,1st Gen,1st Gen,,NCP20,,,,2NZ-FE,,Hatchback,5,,,,,,1.3,1298,Inline-4,Gas,Petrol,87,4AT,2WD,,,,,,,,5,,,,,,,,,,,,,,,,,,,,,,,,,,,
Toyota,Gaia,car,1998,2004,,,1st Gen,1st Gen,,ACM10G,,,,1AZ-FSE,,Minivan,5,,,,,,2,1998,Inline-4,Gas,Petrol,87,4AT,2WD,,,,,,,,7,,,,,,,,,,,,,,,,,,,,,,,,,,,
Toyota,Opa,car,2000,2005,,,1st Gen,1st Gen,,ACT10,,,,1AZ-FSE,,Hatchback,5,,,,,,2,1998,Inline-4,Gas,Petrol,87,CVT,2WD,,,,,,,,5,,,,,,,,,,,,,,,,,,,,,,,,,,,
Toyota,Altezza,car,1998,2005,,,1st Gen,1st Gen,,SXE10,,,,3S-GE,,Sedan,4,,,,,,2,1998,Inline-4,Gas,Petrol,87,6MT,2WD,,,,,,,,5,,,,,,,,,,,,,,,,,,,,,,,,,,,
Toyota,Celsior,car,2000,2006,,,3rd Gen,3rd Gen,,UCF30,,,,3UZ-FE,,Sedan,4,,,,,,4.3,4292,V8,Gas,Petrol,87,5AT,2WD,,,,,,,,5,,,,,,,,,,,,,,,,,,,,,,,,,,,
Toyota,Windom,car,2001,2006,,,3rd Gen,3rd Gen,,MCV30,,,,1MZ-FE,,Sedan,4,,,,,,3,2995,V6,Gas,Petrol,87,4AT,2WD,,,,,,,,5,,,,,,,,,,,,,,,,,,,,,,,,,,,
Nissan,March,car,2002,2010,,,3rd Gen,3rd Gen,,K12,,,,CR12DE,,Hatchback,5,,,,,,1.2,1240,Inline-4,Gas,Petrol,87,CVT,2WD,,,,,,,,5,,,,,,,,,,,,,,,,,,,,,,,,,,,
Nissan,March,car,2010,,,,4th Gen,4th Gen,,K13,,,,HR12DE,,Hatchback,5,,,,,,1.2,1198,Inline-3,Gas,Petrol,87,CVT,2WD,,,,,,,,5,,,,,,,,,,,,,,,,,,,,,,,,,,,
Nissan,Wingroad,car,2005,2018,,,3rd Gen,3rd Gen,,Y12,,,,HR15DE,,Station Wagon,5,,,,,,1.5,1498,Inline-4,Gas,Petrol,87,CVT,2WD,,,,,,,,5,,,,,,,,,,,,,,,,,,,,,,,,,,,
Nissan,AD Van,car,2006,2021,,,3rd Gen,3rd Gen,,VY12,,,,HR15DE,,Van,5,,,,,,1.5,1498,Inline-4,Gas,Petrol,87,CVT,2WD,,,,,,,,5,,,,,,,,,,,,,,,,,,,,,,,,,,,
Nissan,NV150 AD,car,2016,2021,,,Facelift,3rd Gen,,VY12,,,,HR15DE,,Van,5,,,,,,1.5,1498,Inline-4,Gas,Petrol,87,CVT,2WD,,,,,,,,5,,,,,,,,,,,,,,,,,,,,,,,,,,,
Nissan,Serena,car,2005,2010,,,C25,3rd Gen,,C25,,,,MR20DE,,Minivan,5,,,,,,2,1997,Inline-4,Gas,Petrol,87,CVT,2WD,,,,,,,,8,,,,,,,,,,,,,,,,,,,,,,,,,,,
Nissan,Serena,car,2010,2016,,,C26,4th Gen,,C26,,,,MR20DD,,Minivan,5,,,,,,2,1997,Inline-4,Gas,Petrol,87,CVT,2WD,,,,,,,,8,,,,,,,,,,,,,,,,,,,,,,,,,,,
Nissan,Serena,car,2016,2022,,,C27 e-POWER,5th Gen,,HC27,,,,HR12DE,,Minivan,5,,,,,,1.2,1198,Inline-3,Hybrid,Hybrid(petrol),87,Single Speed,2WD,,,,,,,,8,,,,,,,,,,,,,,,,,,,,,,,,,,,
Nissan,X-Trail,car,2000,2007,,,T30,1st Gen,,T30,,,,QR20DE,,SUV,5,,,,,,2,1998,Inline-4,Gas,Petrol,87,4AT,4WD,,,,,,,,5,,,,,,,,,,,,,,,,,,,,,,,,,,,
Nissan,X-Trail,car,2007,2013,,,T31,2nd Gen,,T31,,,,MR20DE,,SUV,5,,,,,,2,1997,Inline-4,Gas,Petrol,87,CVT,4WD,,,,,,,,5,,,,,,,,,,,,,,,,,,,,,,,,,,,
Nissan,X-Trail,car,2013,2022,,,T32,3rd Gen,,T32,,,,MR20DD,,SUV,5,,,,,,2,1997,Inline-4,Gas,Petrol,87,CVT,4WD,,,,,,,,5,,,,,,,,,,,,,,,,,,,,,,,,,,,
Nissan,Juke,car,2010,2019,,,1st Gen,1st Gen,,F15,,,,HR15DE,,SUV,5,,,,,,1.5,1498,Inline-4,Gas,Petrol,87,CVT,2WD,,,,,,,,5,,,,,,,,,,,,,,,,,,,,,,,,,,,
Nissan,Dualis,car,2007,2014,,,1st Gen,1st Gen,,J10,,,,MR20DE,,SUV,5,,,,,,2,1997,Inline-4,Gas,Petrol,87,CVT,2WD,,,,,,,,5,,,,,,,,,,,,,,,,,,,,,,,,,,,
Nissan,Cube,car,2002,2008,,,2nd Gen,2nd Gen,,Z11,,,,CR14DE,,Hatchback,5,,,,,,1.4,1386,Inline-4,Gas,Petrol,87,CVT,2WD,,,,,,,,5,,,,,,,,,,,,,,,,,,,,,,,,,,,
Nissan,Cube,car,2008,2020,,,3rd Gen,3rd Gen,,Z12,,,,HR15DE,,Hatchback,5,,,,,,1.5,1498,Inline-4,Gas,Petrol,87,CVT,2WD,,,,,,,,5,,,,,,,,,,,,,,,,,,,,,,,,,,,
Nissan,Elgrand,car,2002,2010,,,E51,2nd Gen,,E51,,,,VQ35DE,,Minivan,5,,,,,,3.5,3498,V6,Gas,Petrol,87,5AT,2WD,,,,,,,,8,,,,,,,,,,,,,,,,,,,,,,,,,,,
Nissan,Elgrand,car,2010,,,,E52,3rd Gen,,E52,,,,VQ25DE,,Minivan,5,,,,,,2.5,2495,V6,Gas,Petrol,87,CVT,2WD,,,,,,,,8,,,,,,,,,,,,,,,,,,,,,,,,,,,
Nissan,Caravan,car,2001,2012,,,E25,4th Gen,,E25,,,,QR20DE,,Van,5,,,,,,2,1998,Inline-4,Gas,Petrol,87,4AT,2WD,,,,,,,,3,,,,,,,,,,,,,,,,,,,,,,,,,,,
Nissan,NV350 Caravan,car,2012,2021,,,E26,5th Gen,,E26,,,,QR20DE,,Van,5,,,,,,2,1998,Inline-4,Gas,Petrol,87,5AT,2WD,,,,,,,,3,,,,,,,,,,,,,,,,,,,,,,,,,,,
Nissan,Lafesta,car,2004,2012,,,1st Gen,1st Gen,,B30,,,,MR20DE,,Minivan,5,,,,,,2,1997,Inline-4,Gas,Petrol,87,CVT,2WD,,,,,,,,7,,,,,,,,,,,,,,,,,,,,,,,,,,,
Nissan,Bluebird Sylphy,car,2005,2012,,,G11,2nd Gen,,G11,,,,MR20DE,,Sedan,4,,,,,,2,1997,Inline-4,Gas,Petrol,87,CVT,2WD,,,,,,,,5,,,,,,,,,,,,,,,,,,,,,,,,,,,
Nissan,Teana,car,2003,2008,,,J31,1st Gen,,J31,,,,VQ23DE,,Sedan,4,,,,,,2.3,2349,V6,Gas,Petrol,87,CVT,2WD,,,,,,,,5,,,,,,,,,,,,,,,,,,,,,,,,,,,
Nissan,Teana,car,2008,2014,,,J32,2nd Gen,,J32,,,,VQ25DE,,Sedan,4,,,,,,2.5,2495,V6,Gas,Petrol,87,CVT,2WD,,,,,,,,5,,,,,,,,,,,,,,,,,,,,,,,,,,,
Nissan,Skyline,car,2001,2007,,,V35,11th Gen,,V35,,,,VQ25DD,,Sedan,4,,,,,,2.5,2495,V6,Gas,Petrol,87,5AT,2WD,,,,,,,,5,,,,,,,,,,,,,,,,,,,,,,,,,,,
Nissan,Fuga,car,2004,2009,,,Y50,1st Gen,,Y50,,,,VQ25DE,,Sedan,4,,,,,,2.5,2495,V6,Gas,Petrol,87,5AT,2WD,,,,,,,,5,,,,,,,,,,,,,,,,,,,,,,,,,,,
Nissan,Navara,car,2005,2015,,,D40,2nd Gen,,D40,,,,YD25DDTI,,Pick up,4,,,,,,2.5,2488,Inline-4,Diesel,Diesel,Diesel,6MT,4WD,,,,,,,,5,,,,,,,,,,,,,,,,,,,,,,,,,,,
Nissan,Atlas,car,2007,,,,Truck Diesel,5th Gen,,F24,,,,ZD30DDTI,,Truck,2,,,,,,3,2953,Inline-4,Diesel,Diesel,Diesel,5MT,2WD,,,,,,,,3,,,,,,,,,,,,,,,,,,,,,,,,,,,
Nissan,Vanette,car,1999,2016,,,Van 1.8,4th Gen,,SK82V,,,,F8,,Van,5,,,,,,1.8,1789,Inline-4,Gas,Petrol,87,5MT,2WD,,,,,,,,5,,,,,,,,,,,,,,,,,,,,,,,,,,,
Honda,Freed,car,2008,2016,,,1st Gen,1st Gen,,GB3,,,,L15A,,Minivan,5,,,,,,1.5,1496,Inline-4,Gas,Petrol,87,CVT,2WD,,,,,,,,7,,,,,,,,,,,,,,,,,,,,,,,,,,,
Honda,Freed,car,2016,,,,2nd Gen Gas,2nd Gen,,GB5,,,,L15B,,Minivan,5,,,,,,1.5,1496,Inline-4,Gas,Petrol,87,CVT,2WD,,,,,,,,7,,,,,,,,,,,,,,,,,,,,,,,,,,,
Honda,Freed,car,2016,,,,2nd Gen Hybrid,2nd Gen,,GB7,,,,LEB,,Minivan,5,,,,,,1.5,1496,Inline-4,Hybrid,Hybrid(petrol),87,7-Speed DCT,2WD,,,,,,,,7,,,,,,,,,,,,,,,,,,,,,,,,,,,
Honda,Fit Shuttle,car,2011,2015,,,Gas,1st Gen,,GG7,,,,L15A,,Station Wagon,5,,,,,,1.5,1496,Inline-4,Gas,Petrol,87,CVT,2WD,,,,,,,,5,,,,,,,,,,,,,,,,,,,,,,,,,,,
Honda,Fit Shuttle,car,2011,2015,,,Hybrid,1st Gen,,GP2,,,,LDA,,Station Wagon,5,,,,,,1.3,1339,Inline-4,Hybrid,Hybrid(petrol),87,CVT,2WD,,,,,,,,5,,,,,,,,,,,,,,,,,,,,,,,,,,,
Honda,Shuttle,car,2015,2022,,,Hybrid,2nd Gen,,GP7,,,,LEB,,Station Wagon,5,,,,,,1.5,1496,Inline-4,Hybrid,Hybrid(petrol),87,7-Speed DCT,2WD,,,,,,,,5,,,,,,,,,,,,,,,,,,,,,,,,,,,
Honda,Stream,car,2006,2014,,,2nd Gen,2nd Gen,,RN6,,,,R18A,,Minivan,5,,,,,,1.8,1799,Inline-4,Gas,Petrol,87,5AT,2WD,,,,,,,,7,,,,,,,,,,,,,,,,,,,,,,,,,,,
Honda,Airwave,car,2005,2010,,,1st Gen,1st Gen,,GJ1,,,,L15A,,Station Wagon,5,,,,,,1.5,1496,Inline-4,Gas,Petrol,87,CVT,2WD,,,,,,,,5,,,,,,,,,,,,,,,,,,,,,,,,,,,
Honda,Insight,car,2009,2014,,,2nd Gen,2nd Gen,,ZE2,,,,LDA,,Hatchback,5,,,,,,1.3,1339,Inline-4,Hybrid,Hybrid(petrol),87,CVT,2WD,,,,,,,,5,,,,,,,,,,,,,,,,,,,,,,,,,,,
Honda,Vezel,car,2013,2021,,,1st Gen Gas,1st Gen,,RU1,,,,L15B,,SUV,5,,,,,,1.5,1496,Inline-4,Gas,Petrol,87,CVT,2WD,,,,,,,,5,,,,,,,,,,,,,,,,,,,,,,,,,,,
Honda,Vezel,car,2013,2021,,,1st Gen Hybrid,1st Gen,,RU3,,,,LEB,,SUV,5,,,,,,1.5,1496,Inline-4,Hybrid,Hybrid(petrol),87,7-Speed DCT,2WD,,,,,,,,5,,,,,,,,,,,,,,,,,,,,,,,,,,,
Honda,Stepwgn,car,2009,2015,,,4th Gen,4th Gen,,RK5,,,,R20A,,Minivan,5,,,,,,2,1997,Inline-4,Gas,Petrol,87,CVT,2WD,,,,,,,,8,,,,,,,,,,,,,,,,,,,,,,,,,,,
Honda,Stepwgn,car,2015,2022,,,5th Gen,5th Gen,,RP3,,,,L15B,,Minivan,5,,,,,,1.5,1496,Inline-4,Gas,Petrol,87,CVT,2WD,,,,,,,,8,,,,,,,,,,,,,,,,,,,,,,,,,,,
Honda,Odyssey,car,2003,2008,,,3rd Gen,3rd Gen,,RB1,,,,K24A,,Minivan,5,,,,,,2.4,2354,Inline-4,Gas,Petrol,87,5AT,2WD,,,,,,,,7,,,,,,,,,,,,,,,,,,,,,,,,,,,
Honda,Odyssey,car,2008,2013,,,4th Gen,4th Gen,,RB3,,,,K24A,,Minivan,5,,,,,,2.4,2354,Inline-4,Gas,Petrol,87,CVT,2WD,,,,,,,,7,,,,,,,,,,,,,,,,,,,,,,,,,,,
Honda,Partner,car,2006,2010,,,2nd Gen,2nd Gen,,GJ3,,,,L15A,,Van,5,,,,,,1.5,1496,Inline-4,Gas,Petrol,87,CVT,2WD,,,,,,,,5,,,,,,,,,,,,,,,,,,,,,,,,,,,
Honda,Mobilio,car,2001,2008,,,1st Gen,1st Gen,,GB1,,,,L15A,,Minivan,5,,,,,,1.5,1496,Inline-4,Gas,Petrol,87,CVT,2WD,,,,,,,,7,,,,,,,,,,,,,,,,,,,,,,,,,,,
Honda,Acty,car,1999,2018,,,Truck,4th Gen,,HA8,,,,E07Z,,Truck,2,,,,,,0.66,656,Inline-3,Gas,Petrol,87,5MT,4WD,,,,,,,,2,,,,,,,,,,,,,,,,,,,,,,,,,,,
Mazda,Axela,car,2003,2009,,,1st Gen,1st Gen,,BK5P,,,,ZY-VE,,Sedan,4,,,,,,1.5,1498,Inline-4,Gas,Petrol,87,4AT,2WD,,,,,,,,5,,,,,,,,,,,,,,,,,,,,,,,,,,,
Mazda,Axela,car,2009,2013,,,2nd Gen,2nd Gen,,BL5FP,,,,ZY-VE,,Hatchback,5,,,,,,1.5,1498,Inline-4,Gas,Petrol,87,5AT,2WD,,,,,,,,5,,,,,,,,,,,,,,,,,,,,,,,,,,,
Mazda,Axela,car,2013,2019,,,3rd Gen Skyactiv,3rd Gen,,BM5FS,,,,P5-VPS,,Hatchback,5,,,,,,1.5,1496,Inline-4,Gas,Petrol,87,6AT,2WD,,,,,,,,5,,,,,,,,,,,,,,,,,,,,,,,,,,,
Mazda,Atenza,car,2002,2008,,,1st Gen,1st Gen,,GG3P,,,,L3-VE,,Sedan,4,,,,,,2.3,2261,Inline-4,Gas,Petrol,87,5AT,2WD,,,,,,,,5,,,,,,,,,,,,,,,,,,,,,,,,,,,
Mazda,Atenza,car,2008,2012,,,2nd Gen,2nd Gen,,GH5FS,,,,L5-VE,,Sedan,4,,,,,,2.5,2488,Inline-4,Gas,Petrol,87,5AT,2WD,,,,,,,,5,,,,,,,,,,,,,,,,,,,,,,,,,,,
Mazda,Atenza,car,2012,2019,,,3rd Gen Diesel,3rd Gen,,GJ2FW,,,,SH-VPTS,,Station Wagon,5,,,,,,2.2,2188,Inline-4,Diesel,Diesel,Diesel,6AT,2WD,,,,,,,,5,,,,,,,,,,,,,,,,,,,,,,,,,,,
Mazda,Premacy,car,1999,2005,,,1st Gen,1st Gen,,CPEW,,,,FP-DE,,Minivan,5,,,,,,1.8,1839,Inline-4,Gas,Petrol,87,4AT,2WD,,,,,,,,7,,,,,,,,,,,,,,,,,,,,,,,,,,,
Mazda,Premacy,car,2005,2010,,,2nd Gen,2nd Gen,,CREW,,,,LF-VE,,Minivan,5,,,,,,2,1998,Inline-4,Gas,Petrol,87,4AT,2WD,,,,,,,,7,,,,,,,,,,,,,,,,,,,,,,,,,,,
Mazda,Premacy,car,2010,2018,,,3rd Gen,3rd Gen,,CWEFW,,,,LF-VDS,,Minivan,5,,,,,,2,1998,Inline-4,Gas,Petrol,87,5AT,2WD,,,,,,,,7,,,,,,,,,,,,,,,,,,,,,,,,,,,
Mazda,Biante,car,2008,2018,,,1st Gen,1st Gen,,CCEFW,,,,LF-VDS,,Minivan,5,,,,,,2,1998,Inline-4,Gas,Petrol,87,5AT,2WD,,,,,,,,8,,,,,,,,,,,,,,,,,,,,,,,,,,,
Mazda,CX-5,car,2012,2017,,,1st Gen Diesel,1st Gen,,KE2FW,,,,SH-VPTS,,SUV,5,,,,,,2.2,2188,Inline-4,Diesel,Diesel,Diesel,6AT,2WD,,,,,,,,5,,,,,,,,,,,,,,,,,,,,,,,,,,,
Mazda,CX-5,car,2017,,,,2nd Gen Diesel,2nd Gen,,KF2P,,,,SH-VPTS,,SUV,5,,,,,,2.2,2188,Inline-4,Diesel,Diesel,Diesel,6AT,2WD,,,,,,,,5,,,,,,,,,,,,,,,,,,,,,,,,,,,
Mazda,CX-3,car,2015,,,,1st Gen Diesel,1st Gen,,DK5FW,,,,S5-DPTS,,SUV,5,,,,,,1.5,1498,Inline-4,Diesel,Diesel,Diesel,6AT,2WD,,,,,,,,5,,,,,,,,,,,,,,,,,,,,,,,,,,,
Mazda,Familia Van,car,2018,,,,Rebadged AD,7th Gen,,VY12,,,,HR15DE,,Van,5,,,,,,1.5,1498,Inline-4,Gas,Petrol,87,CVT,2WD,,,,,,,,5,,,,,,,,,,,,,,,,,,,,,,,,,,,
Mazda,Bongo,car,1999,2020,,,Van 1.8,4th Gen,,SK82V,,,,F8,,Van,5,,,,,,1.8,1789,Inline-4,Gas,Petrol,87,5MT,2WD,,,,,,,,5,,,,,,,,,,,,,,,,,,,,,,,,,,,
Mazda,Titan,car,2004,,,,Truck Diesel,5th Gen,,LKR81,,,,4HL1,,Truck,2,,,,,,4.8,4777,Inline-4,Diesel,Diesel,Diesel,5MT,2WD,,,,,,,,3,,,,,,,,,,,,,,,,,,,,,,,,,,,
Suzuki,Alto,car,2009,2014,,,7th Gen,7th Gen,,HA25S,,,,K6A,,Hatchback,5,,,,,,0.66,658,Inline-3,Gas,Petrol,87,CVT,2WD,,,,,,,,4,,,,,,,,,,,,,,,,,,,,,,,,,,,
Suzuki,Alto,car,2014,,,,8th Gen,8th Gen,,HA36S,,,,R06A,,Hatchback,5,,,,,,0.66,658,Inline-3,Gas,Petrol,87,CVT,2WD,,,,,,,,4,,,,,,,,,,,,,,,,,,,,,,,,,,,
Suzuki,Wagon R,car,2008,2012,,,4th Gen,4th Gen,,MH23S,,,,K6A,,Hatchback,5,,,,,,0.66,658,Inline-3,Gas,Petrol,87,CVT,2WD,,,,,,,,4,,,,,,,,,,,,,,,,,,,,,,,,,,,
Suzuki,Wagon R,car,2012,2017,,,5th Gen,5th Gen,,MH34S,,,,R06A,,Hatchback,5,,,,,,0.66,658,Inline-3,Gas,Petrol,87,CVT,2WD,,,,,,,,4,,,,,,,,,,,,,,,,,,,,,,,,,,,
Suzuki,Every,car,2005,2015,,,Van,5th Gen,,DA64V,,,,K6A,,Van,5,,,,,,0.66,658,Inline-3,Gas,Petrol,87,4AT,2WD,,,,,,,,4,,,,,,,,,,,,,,,,,,,,,,,,,,,
Suzuki,Every,car,2015,,,,Van,6th Gen,,DA17V,,,,R06A,,Van,5,,,,,,0.66,658,Inline-3,Gas,Petrol,87,4AT,2WD,,,,,,,,4,,,,,,,,,,,,,,,,,,,,,,,,,,,
Suzuki,Carry,car,2013,,,,Truck,11th Gen,,DA16T,,,,R06A,,Truck,2,,,,,,0.66,658,Inline-3,Gas,Petrol,87,5MT,4WD,,,,,,,,2,,,,,,,,,,,,,,,,,,,,,,,,,,,
Suzuki,Jimny,car,1998,2018,,,3rd Gen,3rd Gen,,JB23W,,,,K6A,,SUV,3,,,,,,0.66,658,Inline-3,Gas,Petrol,87,4AT,4WD,,,,,,,,4,,,,,,,,,,,,,,,,,,,,,,,,,,,
Suzuki,Jimny,car,2018,,,,4th Gen,4th Gen,,JB64W,,,,R06A,,SUV,3,,,,,,0.66,658,Inline-3,Gas,Petrol,87,5MT,4WD,,,,,,,,4,,,,,,,,,,,,,,,,,,,,,,,,,,,
Suzuki,Escudo,car,2005,2015,,,3rd Gen,3rd Gen,,TD54W,,,,J20A,,SUV,5,,,,,,2,1995,Inline-4,Gas,Petrol,87,5AT,4WD,,,,,,,,5,,,,,,,,,,,,,,,,,,,,,,,,,,,
Suzuki,Solio,car,2010,2015,,,1st Gen,1st Gen,,MA15S,,,,K12B,,Hatchback,5,,,,,,1.2,1242,Inline-4,Gas,Petrol,87,CVT,2WD,,,,,,,,5,,,,,,,,,,,,,,,,,,,,,,,,,,,
Suzuki,Spacia,car,2013,2017,,,1st Gen,1st Gen,,MK32S,,,,R06A,,Hatchback,5,,,,,,0.66,658,Inline-3,Gas,Petrol,87,CVT,2WD,,,,,,,,4,,,,,,,,,,,,,,,,,,,,,,,,,,,
Mitsubishi,Lancer,car,2000,2010,,,Cedia,8th Gen,,CS2A,,,,4G15,,Sedan,4,,,,,,1.5,1468,Inline-4,Gas,Petrol,87,4AT,2WD,,,,,,,,5,,,,,,,,,,,,,,,,,,,,,,,,,,,
Mitsubishi,Galant Fortis,car,2007,2015,,,1st Gen,1st Gen,,CY4A,,,,4B11,,Sedan,4,,,,,,2,1998,Inline-4,Gas,Petrol,87,CVT,2WD,,,,,,,,5,,,,,,,,,,,,,,,,,,,,,,,,,,,
Mitsubishi,Colt,car,2002,2012,,,6th Gen,6th Gen,,Z21A,,,,4A90,,Hatchback,5,,,,,,1.3,1332,Inline-4,Gas,Petrol,87,CVT,2WD,,,,,,,,5,,,,,,,,,,,,,,,,,,,,,,,,,,,
Mitsubishi,Outlander,car,2005,2012,,,2nd Gen,2nd Gen,,CW5W,,,,4B12,,SUV,5,,,,,,2.4,2359,Inline-4,Gas,Petrol,87,CVT,4WD,,,,,,,,7,,,,,,,,,,,,,,,,,,,,,,,,,,,
Mitsubishi,Outlander,car,2012,,,,3rd Gen,3rd Gen,,GF7W,,,,4J11,,SUV,5,,,,,,2,1998,Inline-4,Gas,Petrol,87,CVT,4WD,,,,,,,,7,,,,,,,,,,,,,,,,,,,,,,,,,,,
Mitsubishi,Delica D5,car,2007,,,,1st Gen Gas,1st Gen,,CV5W,,,,4B12,,Minivan,5,,,,,,2.4,2359,Inline-4,Gas,Petrol,87,CVT,4WD,,,,,,,,8,,,,,,,,,,,,,,,,,,,,,,,,,,,
Mitsubishi,Delica D5,car,2019,,,,1st Gen Diesel,1st Gen,,CV1W,,,,4N14,,Minivan,5,,,,,,2.2,2267,Inline-4,Diesel,Diesel,Diesel,8AT,4WD,,,,,,,,8,,,,,,,,,,,,,,,,,,,,,,,,,,,
Mitsubishi,RVR,car,2010,,,,3rd Gen,3rd Gen,,GA4W,,,,4J10,,SUV,5,,,,,,1.8,1798,Inline-4,Gas,Petrol,87,CVT,2WD,,,,,,,,5,,,,,,,,,,,,,,,,,,,,,,,,,,,
Mitsubishi,Pajero,car,2006,2021,,,4th Gen Diesel,4th Gen,,V88W,,,,4M41,,SUV,5,,,,,,3.2,3200,Inline-4,Diesel,Diesel,Diesel,5AT,4WD,,,,,,,,7,,,,,,,,,,,,,,,,,,,,,,,,,,,
Mitsubishi,Canter,car,2010,,,,Truck Diesel,8th Gen,,FEB50,,,,4P10,,Truck,2,,,,,,3,2998,Inline-4,Diesel,Diesel,Diesel,5MT,2WD,,,,,,,,3,,,,,,,,,,,,,,,,,,,,,,,,,,,
Mitsubishi,Minicab,car,2014,,,,Van,6th Gen,,DS17V,,,,R06A,,Van,5,,,,,,0.66,658,Inline-3,Gas,Petrol,87,4AT,2WD,,,,,,,,4,,,,,,,,,,,,,,,,,,,,,,,,,,,
Subaru,Impreza,car,2007,2011,,,3rd Gen,3rd Gen,,GH2,,,,EL15,,Hatchback,5,,,,,,1.5,1498,Flat-4,Gas,Petrol,87,4AT,4WD,,,,,,,,5,,,,,,,,,,,,,,,,,,,,,,,,,,,
Subaru,Impreza,car,2011,2016,,,4th Gen,4th Gen,,GP2,,,,FB16,,Hatchback,5,,,,,,1.6,1600,Flat-4,Gas,Petrol,87,CVT,4WD,,,,,,,,5,,,,,,,,,,,,,,,,,,,,,,,,,,,
Subaru,Impreza,car,2016,,,,5th Gen,5th Gen,,GT3,,,,FB16,,Hatchback,5,,,,,,1.6,1600,Flat-4,Gas,Petrol,87,CVT,4WD,,,,,,,,5,,,,,,,,,,,,,,,,,,,,,,,,,,,
Subaru,Legacy,car,2003,2009,,,4th Gen,4th Gen,,BP5,,,,EJ20,,Station Wagon,5,,,,,,2,1994,Flat-4,Gas,Petrol,87,5AT,4WD,,,,,,,,5,,,,,,,,,,,,,,,,,,,,,,,,,,,
Subaru,Legacy,car,2009,2014,,,5th Gen,5th Gen,,BR9,,,,EJ25,,Station Wagon,5,,,,,,2.5,2457,Flat-4,Gas,Petrol,87,CVT,4WD,,,,,,,,5,,,,,,,,,,,,,,,,,,,,,,,,,,,
Subaru,Forester,car,2007,2012,,,3rd Gen,3rd Gen,,SH5,,,,EJ20,,SUV,5,,,,,,2,1994,Flat-4,Gas,Petrol,87,4AT,4WD,,,,,,,,5,,,,,,,,,,,,,,,,,,,,,,,,,,,
Subaru,Forester,car,2012,2018,,,4th Gen,4th Gen,,SJ5,,,,FB20,,SUV,5,,,,,,2,1995,Flat-4,Gas,Petrol,87,CVT,4WD,,,,,,,,5,,,,,,,,,,,,,,,,,,,,,,,,,,,
Subaru,Exiga,car,2008,2018,,,1st Gen,1st Gen,,YA5,,,,EJ20,,Minivan,5,,,,,,2,1994,Flat-4,Gas,Petrol,87,CVT,4WD,,,,,,,,7,,,,,,,,,,,,,,,,,,,,,,,,,,,
Subaru,Sambar,car,1999,2012,,,Truck,6th Gen,,TT2,,,,EN07,,Truck,2,,,,,,0.66,658,Inline-4,Gas,Petrol,87,5MT,4WD,,,,,,,,2,,,,,,,,,,,,,,,,,,,,,,,,,,,
Daihatsu,Mira,car,2006,2018,,,7th Gen,7th Gen,,L275S,,,,KF-VE,,Hatchback,5,,,,,,0.66,658,Inline-3,Gas,Petrol,87,CVT,2WD,,,,,,,,4,,,,,,,,,,,,,,,,,,,,,,,,,,,
Daihatsu,Move,car,2010,2014,,,5th Gen,5th Gen,,LA100S,,,,KF-VE,,Hatchback,5,,,,,,0.66,658,Inline-3,Gas,Petrol,87,CVT,2WD,,,,,,,,4,,,,,,,,,,,,,,,,,,,,,,,,,,,
Daihatsu,Tanto,car,2007,2013,,,2nd Gen,2nd Gen,,L375S,,,,KF-VE,,Hatchback,5,,,,,,0.66,658,Inline-3,Gas,Petrol,87,CVT,2WD,,,,,,,,4,,,,,,,,,,,,,,,,,,,,,,,,,,,
Daihatsu,Hijet,car,2004,2014,,,Cargo,9th Gen,,S331V,,,,KF-VE,,Van,5,,,,,,0.66,658,Inline-3,Gas,Petrol,87,4AT,4WD,,,,,,,,4,,,,,,,,,,,,,,,,,,,,,,,,,,,
Daihatsu,Hijet,car,2014,,,,Truck,10th Gen,,S500P,,,,KF-VE,,Truck,2,,,,,,0.66,658,Inline-3,Gas,Petrol,87,5MT,4WD,,,,,,,,2,,,,,,,,,,,,,,,,,,,,,,,,,,,
Daihatsu,Terios,car,2006,2017,,,2nd Gen,2nd Gen,,J102G,,,,3SZ-VE,,SUV,5,,,,,,1.5,1495,Inline-4,Gas,Petrol,87,4AT,4WD,,,,,,,,5,,,,,,,,,,,,,,,,,,,,,,,,,,,
Isuzu,Elf,car,2006,,,,Truck Diesel 3.0,6th Gen,,NKR85,,,,4JJ1,,Truck,2,,,,,,3,2999,Inline-4,Diesel,Diesel,Diesel,5MT,2WD,,,,,,,,3,,,,,,,,,,,,,,,,,,,,,,,,,,,
Isuzu,Forward,car,2007,,,,Truck Diesel,2007 Series,,FRR90,,,,6HK1,,Truck,2,,,,,,7.8,7790,Inline-6,Diesel,Diesel,Diesel,6MT,2WD,,,,,,,,3,,,,,,,,,,,,,,,,,,,,,,,,,,,
Isuzu,D-Max,car,2012,,,,2nd Gen Diesel,2nd Gen,,TFR85,,,,4JK1,,Pick up,4,,,,,,2.5,2499,Inline-4,Diesel,Diesel,Diesel,5MT,4WD,,,,,,,,5,,,,,,,,,,,,,,,,,,,,,,,,,,,
Hino,Dutro,car,2011,,,,Truck Diesel,2nd Gen,,XZU605,,,,N04C,,Truck,2,,,,,,4,4009,Inline-4,Diesel,Diesel,Diesel,5MT,2WD,,,,,,,,3,,,,,,,,,,,,,,,,,,,,,,,,,,,
Hino,Ranger,car,2002,,,,Truck Diesel,Pro Series,,FC7J,,,,J07E,,Truck,2,,,,,,6.4,6403,Inline-6,Diesel,Diesel,Diesel,6MT,2WD,,,,,,,,3,,,,,,,,,,,,,,,,,,,,,,,,,,,
