-- Seed haulage body types, catalog, and service links.
-- Expected: 4 categories, 6 subgroups, 23 items, ~92 variants.
--
-- Requires: 20260619120000_haulage_catalog.sql, 20260619130000_haulage_bookings.sql
-- Body capacity columns are ensured below (same as 20260619140000_haulage_body_capacity.sql).

ALTER TABLE rides.vehicle_types
  ADD COLUMN IF NOT EXISTS max_payload_kg NUMERIC(8, 2)
    CHECK (max_payload_kg IS NULL OR max_payload_kg > 0),
  ADD COLUMN IF NOT EXISTS cargo_length_cm NUMERIC(8, 2)
    CHECK (cargo_length_cm IS NULL OR cargo_length_cm > 0),
  ADD COLUMN IF NOT EXISTS cargo_width_cm NUMERIC(8, 2)
    CHECK (cargo_width_cm IS NULL OR cargo_width_cm > 0),
  ADD COLUMN IF NOT EXISTS cargo_height_cm NUMERIC(8, 2)
    CHECK (cargo_height_cm IS NULL OR cargo_height_cm > 0),
  ADD COLUMN IF NOT EXISTS supports_upright_load BOOLEAN NOT NULL DEFAULT FALSE;

DROP VIEW IF EXISTS public.rides_vehicle_types;
CREATE VIEW public.rides_vehicle_types AS
  SELECT * FROM rides.vehicle_types;

GRANT SELECT, INSERT, UPDATE, DELETE ON public.rides_vehicle_types TO service_role;

NOTIFY pgrst, 'reload schema';

ALTER TABLE rides.vehicle_types
  ADD COLUMN IF NOT EXISTS service_category TEXT
  CHECK (
    service_category IS NULL
    OR service_category IN ('rideshare', 'courier', 'event', 'haulage')
  );

INSERT INTO rides.vehicle_types (slug, label, description, seats, capacity_label, sort_order, is_active, solution_kind, service_category)
VALUES
  ('haulage', 'Haulage', 'Move large items and heavy loads', 0, 'Variable', 60, TRUE, 'service', 'haulage')
ON CONFLICT (slug) DO UPDATE SET
  label = EXCLUDED.label,
  description = EXCLUDED.description,
  capacity_label = EXCLUDED.capacity_label,
  solution_kind = 'service',
  service_category = EXCLUDED.service_category;

INSERT INTO rides.vehicle_types (slug, label, description, seats, sort_order, is_active, solution_kind, commando_body_type, max_payload_kg, cargo_length_cm, cargo_width_cm, cargo_height_cm, supports_upright_load)
VALUES
  ('sedan', 'Sedan', 'Standard sedan for light freight', 4, 100, TRUE, 'vehicle', 'Sedan', 150, 120, 90, 80, FALSE),
  ('suv', 'SUV', 'SUV for medium freight', 6, 110, TRUE, 'vehicle', 'SUV', 250, 150, 110, 100, FALSE),
  ('pickup', 'Pickup', 'Pickup truck with open bed', 2, 120, TRUE, 'vehicle', 'Pickup', 450, 200, 150, 120, TRUE),
  ('cargo-van', 'Cargo van', 'Enclosed cargo van', 2, 130, TRUE, 'vehicle', 'Van', 900, 280, 170, 180, TRUE),
  ('box-truck', 'Box truck', 'Large box truck', 2, 140, TRUE, 'vehicle', 'Truck', 2000, 400, 220, 220, TRUE)
ON CONFLICT (slug) DO UPDATE SET
  solution_kind = 'vehicle',
  max_payload_kg = EXCLUDED.max_payload_kg,
  cargo_length_cm = EXCLUDED.cargo_length_cm,
  cargo_width_cm = EXCLUDED.cargo_width_cm,
  cargo_height_cm = EXCLUDED.cargo_height_cm,
  supports_upright_load = EXCLUDED.supports_upright_load;

INSERT INTO rides.service_body_types (service_slug, body_type_slug, priority) VALUES
  ('haulage', 'sedan', 10),
  ('haulage', 'suv', 20),
  ('haulage', 'pickup', 30),
  ('haulage', 'cargo-van', 40),
  ('haulage', 'box-truck', 50)
ON CONFLICT (service_slug, body_type_slug) DO UPDATE SET priority = EXCLUDED.priority;

INSERT INTO rides.haulage_categories (id, title, description, icon, sort_order) VALUES ('appliances', 'Appliances', 'Kitchen, laundry, and home appliances', 'kitchen', 10) ON CONFLICT (id) DO UPDATE SET title = EXCLUDED.title, description = EXCLUDED.description, icon = EXCLUDED.icon, sort_order = EXCLUDED.sort_order;
INSERT INTO rides.haulage_categories (id, title, description, icon, sort_order) VALUES ('furniture', 'Furniture', 'Sofas, beds, and office furniture', 'weekend', 20) ON CONFLICT (id) DO UPDATE SET title = EXCLUDED.title, description = EXCLUDED.description, icon = EXCLUDED.icon, sort_order = EXCLUDED.sort_order;
INSERT INTO rides.haulage_categories (id, title, description, icon, sort_order) VALUES ('electronics', 'Electronics', 'TVs and equipment', 'tv', 30) ON CONFLICT (id) DO UPDATE SET title = EXCLUDED.title, description = EXCLUDED.description, icon = EXCLUDED.icon, sort_order = EXCLUDED.sort_order;
INSERT INTO rides.haulage_categories (id, title, description, icon, sort_order) VALUES ('other', 'Other', 'Custom freight and mixed loads', 'inventory_2', 40) ON CONFLICT (id) DO UPDATE SET title = EXCLUDED.title, description = EXCLUDED.description, icon = EXCLUDED.icon, sort_order = EXCLUDED.sort_order;

INSERT INTO rides.haulage_item_subgroups (id, category_id, title, sort_order) VALUES ('major_kitchen', 'appliances', 'Major kitchen', 10) ON CONFLICT (category_id, id) DO UPDATE SET title = EXCLUDED.title, sort_order = EXCLUDED.sort_order;
INSERT INTO rides.haulage_item_subgroups (id, category_id, title, sort_order) VALUES ('laundry', 'appliances', 'Laundry', 20) ON CONFLICT (category_id, id) DO UPDATE SET title = EXCLUDED.title, sort_order = EXCLUDED.sort_order;
INSERT INTO rides.haulage_item_subgroups (id, category_id, title, sort_order) VALUES ('mid_sized', 'appliances', 'Mid-sized', 30) ON CONFLICT (category_id, id) DO UPDATE SET title = EXCLUDED.title, sort_order = EXCLUDED.sort_order;
INSERT INTO rides.haulage_item_subgroups (id, category_id, title, sort_order) VALUES ('climate_control', 'appliances', 'Climate control', 40) ON CONFLICT (category_id, id) DO UPDATE SET title = EXCLUDED.title, sort_order = EXCLUDED.sort_order;
INSERT INTO rides.haulage_item_subgroups (id, category_id, title, sort_order) VALUES ('utility_outdoor', 'appliances', 'Utility & outdoor', 50) ON CONFLICT (category_id, id) DO UPDATE SET title = EXCLUDED.title, sort_order = EXCLUDED.sort_order;
INSERT INTO rides.haulage_item_subgroups (id, category_id, title, sort_order) VALUES ('small_appliances', 'appliances', 'Small appliances', 60) ON CONFLICT (category_id, id) DO UPDATE SET title = EXCLUDED.title, sort_order = EXCLUDED.sort_order;

INSERT INTO rides.haulage_items (id, category_id, subgroup_id, title, subtitle, icon, emoji, sort_order, requires_manual_specs) VALUES ('refrigerator', 'appliances', 'major_kitchen', 'Refrigerator', 'Full-size or compact fridge', 'refrigerator', '❄️', 10, FALSE) ON CONFLICT (id) DO UPDATE SET title = EXCLUDED.title, subtitle = EXCLUDED.subtitle, requires_manual_specs = EXCLUDED.requires_manual_specs;
INSERT INTO rides.haulage_item_variants (item_id, id, label, sort_order, weight_kg, length_cm, width_cm, height_cm, min_body_type_slug, upright_only, fragile_default, requires_disassembly_default, gear_tags) VALUES ('refrigerator', 'french_door', 'French door', 10, 136, 91, 89, 178, 'cargo-van', TRUE, FALSE, FALSE, ARRAY['dolly', 'straps', 'blankets']) ON CONFLICT (item_id, id) DO UPDATE SET label = EXCLUDED.label, weight_kg = EXCLUDED.weight_kg, length_cm = EXCLUDED.length_cm, width_cm = EXCLUDED.width_cm, height_cm = EXCLUDED.height_cm, min_body_type_slug = EXCLUDED.min_body_type_slug, upright_only = EXCLUDED.upright_only;
INSERT INTO rides.haulage_item_variants (item_id, id, label, sort_order, weight_kg, length_cm, width_cm, height_cm, min_body_type_slug, upright_only, fragile_default, requires_disassembly_default, gear_tags) VALUES ('refrigerator', 'side_by_side', 'Side-by-side', 20, 136, 91, 89, 178, 'cargo-van', TRUE, FALSE, FALSE, ARRAY['dolly', 'straps', 'blankets']) ON CONFLICT (item_id, id) DO UPDATE SET label = EXCLUDED.label, weight_kg = EXCLUDED.weight_kg, length_cm = EXCLUDED.length_cm, width_cm = EXCLUDED.width_cm, height_cm = EXCLUDED.height_cm, min_body_type_slug = EXCLUDED.min_body_type_slug, upright_only = EXCLUDED.upright_only;
INSERT INTO rides.haulage_item_variants (item_id, id, label, sort_order, weight_kg, length_cm, width_cm, height_cm, min_body_type_slug, upright_only, fragile_default, requires_disassembly_default, gear_tags) VALUES ('refrigerator', 'compact', 'Compact / mini', 30, 27, 51, 51, 84, 'suv', TRUE, FALSE, FALSE, ARRAY[]::text[]) ON CONFLICT (item_id, id) DO UPDATE SET label = EXCLUDED.label, weight_kg = EXCLUDED.weight_kg, length_cm = EXCLUDED.length_cm, width_cm = EXCLUDED.width_cm, height_cm = EXCLUDED.height_cm, min_body_type_slug = EXCLUDED.min_body_type_slug, upright_only = EXCLUDED.upright_only;
INSERT INTO rides.haulage_item_variants (item_id, id, label, sort_order, weight_kg, length_cm, width_cm, height_cm, min_body_type_slug, upright_only, fragile_default, requires_disassembly_default, gear_tags) VALUES ('refrigerator', 'commercial', 'Commercial', 40, 250, 100, 90, 180, 'box-truck', TRUE, FALSE, FALSE, ARRAY['dolly', 'straps']) ON CONFLICT (item_id, id) DO UPDATE SET label = EXCLUDED.label, weight_kg = EXCLUDED.weight_kg, length_cm = EXCLUDED.length_cm, width_cm = EXCLUDED.width_cm, height_cm = EXCLUDED.height_cm, min_body_type_slug = EXCLUDED.min_body_type_slug, upright_only = EXCLUDED.upright_only;
INSERT INTO rides.haulage_items (id, category_id, subgroup_id, title, subtitle, icon, emoji, sort_order, requires_manual_specs) VALUES ('freezer', 'appliances', 'major_kitchen', 'Freezer', 'Standalone freezer', 'severe_cold', '🧊', 20, FALSE) ON CONFLICT (id) DO UPDATE SET title = EXCLUDED.title, subtitle = EXCLUDED.subtitle, requires_manual_specs = EXCLUDED.requires_manual_specs;
INSERT INTO rides.haulage_item_variants (item_id, id, label, sort_order, weight_kg, length_cm, width_cm, height_cm, min_body_type_slug, upright_only, fragile_default, requires_disassembly_default, gear_tags) VALUES ('freezer', 'upright', 'Upright', 10, 60, 80, 60, 100, 'pickup', FALSE, FALSE, FALSE, ARRAY[]::text[]) ON CONFLICT (item_id, id) DO UPDATE SET label = EXCLUDED.label, weight_kg = EXCLUDED.weight_kg, length_cm = EXCLUDED.length_cm, width_cm = EXCLUDED.width_cm, height_cm = EXCLUDED.height_cm, min_body_type_slug = EXCLUDED.min_body_type_slug, upright_only = EXCLUDED.upright_only;
INSERT INTO rides.haulage_item_variants (item_id, id, label, sort_order, weight_kg, length_cm, width_cm, height_cm, min_body_type_slug, upright_only, fragile_default, requires_disassembly_default, gear_tags) VALUES ('freezer', 'chest', 'Chest', 20, 60, 80, 60, 100, 'pickup', FALSE, FALSE, FALSE, ARRAY[]::text[]) ON CONFLICT (item_id, id) DO UPDATE SET label = EXCLUDED.label, weight_kg = EXCLUDED.weight_kg, length_cm = EXCLUDED.length_cm, width_cm = EXCLUDED.width_cm, height_cm = EXCLUDED.height_cm, min_body_type_slug = EXCLUDED.min_body_type_slug, upright_only = EXCLUDED.upright_only;
INSERT INTO rides.haulage_item_variants (item_id, id, label, sort_order, weight_kg, length_cm, width_cm, height_cm, min_body_type_slug, upright_only, fragile_default, requires_disassembly_default, gear_tags) VALUES ('freezer', 'compact', 'Compact', 30, 25, 50, 40, 40, 'sedan', FALSE, FALSE, FALSE, ARRAY[]::text[]) ON CONFLICT (item_id, id) DO UPDATE SET label = EXCLUDED.label, weight_kg = EXCLUDED.weight_kg, length_cm = EXCLUDED.length_cm, width_cm = EXCLUDED.width_cm, height_cm = EXCLUDED.height_cm, min_body_type_slug = EXCLUDED.min_body_type_slug, upright_only = EXCLUDED.upright_only;
INSERT INTO rides.haulage_item_variants (item_id, id, label, sort_order, weight_kg, length_cm, width_cm, height_cm, min_body_type_slug, upright_only, fragile_default, requires_disassembly_default, gear_tags) VALUES ('freezer', 'commercial', 'Commercial', 40, 200, 180, 100, 180, 'box-truck', FALSE, FALSE, FALSE, ARRAY['dolly', 'straps']) ON CONFLICT (item_id, id) DO UPDATE SET label = EXCLUDED.label, weight_kg = EXCLUDED.weight_kg, length_cm = EXCLUDED.length_cm, width_cm = EXCLUDED.width_cm, height_cm = EXCLUDED.height_cm, min_body_type_slug = EXCLUDED.min_body_type_slug, upright_only = EXCLUDED.upright_only;
INSERT INTO rides.haulage_items (id, category_id, subgroup_id, title, subtitle, icon, emoji, sort_order, requires_manual_specs) VALUES ('stove', 'appliances', 'major_kitchen', 'Stove / range', 'Freestanding cooker', 'skillet', '🍳', 30, FALSE) ON CONFLICT (id) DO UPDATE SET title = EXCLUDED.title, subtitle = EXCLUDED.subtitle, requires_manual_specs = EXCLUDED.requires_manual_specs;
INSERT INTO rides.haulage_item_variants (item_id, id, label, sort_order, weight_kg, length_cm, width_cm, height_cm, min_body_type_slug, upright_only, fragile_default, requires_disassembly_default, gear_tags) VALUES ('stove', 'gas', 'Gas', 10, 60, 80, 60, 100, 'pickup', FALSE, FALSE, FALSE, ARRAY[]::text[]) ON CONFLICT (item_id, id) DO UPDATE SET label = EXCLUDED.label, weight_kg = EXCLUDED.weight_kg, length_cm = EXCLUDED.length_cm, width_cm = EXCLUDED.width_cm, height_cm = EXCLUDED.height_cm, min_body_type_slug = EXCLUDED.min_body_type_slug, upright_only = EXCLUDED.upright_only;
INSERT INTO rides.haulage_item_variants (item_id, id, label, sort_order, weight_kg, length_cm, width_cm, height_cm, min_body_type_slug, upright_only, fragile_default, requires_disassembly_default, gear_tags) VALUES ('stove', 'electric', 'Electric', 20, 60, 80, 60, 100, 'pickup', FALSE, FALSE, FALSE, ARRAY[]::text[]) ON CONFLICT (item_id, id) DO UPDATE SET label = EXCLUDED.label, weight_kg = EXCLUDED.weight_kg, length_cm = EXCLUDED.length_cm, width_cm = EXCLUDED.width_cm, height_cm = EXCLUDED.height_cm, min_body_type_slug = EXCLUDED.min_body_type_slug, upright_only = EXCLUDED.upright_only;
INSERT INTO rides.haulage_item_variants (item_id, id, label, sort_order, weight_kg, length_cm, width_cm, height_cm, min_body_type_slug, upright_only, fragile_default, requires_disassembly_default, gear_tags) VALUES ('stove', 'dual', 'Dual fuel', 30, 60, 80, 60, 100, 'pickup', FALSE, FALSE, FALSE, ARRAY[]::text[]) ON CONFLICT (item_id, id) DO UPDATE SET label = EXCLUDED.label, weight_kg = EXCLUDED.weight_kg, length_cm = EXCLUDED.length_cm, width_cm = EXCLUDED.width_cm, height_cm = EXCLUDED.height_cm, min_body_type_slug = EXCLUDED.min_body_type_slug, upright_only = EXCLUDED.upright_only;
INSERT INTO rides.haulage_item_variants (item_id, id, label, sort_order, weight_kg, length_cm, width_cm, height_cm, min_body_type_slug, upright_only, fragile_default, requires_disassembly_default, gear_tags) VALUES ('stove', 'professional', 'Professional', 40, 60, 80, 60, 100, 'pickup', FALSE, FALSE, FALSE, ARRAY[]::text[]) ON CONFLICT (item_id, id) DO UPDATE SET label = EXCLUDED.label, weight_kg = EXCLUDED.weight_kg, length_cm = EXCLUDED.length_cm, width_cm = EXCLUDED.width_cm, height_cm = EXCLUDED.height_cm, min_body_type_slug = EXCLUDED.min_body_type_slug, upright_only = EXCLUDED.upright_only;
INSERT INTO rides.haulage_items (id, category_id, subgroup_id, title, subtitle, icon, emoji, sort_order, requires_manual_specs) VALUES ('wall_oven', 'appliances', 'major_kitchen', 'Wall oven', 'Built-in oven', 'oven', '🥘', 40, FALSE) ON CONFLICT (id) DO UPDATE SET title = EXCLUDED.title, subtitle = EXCLUDED.subtitle, requires_manual_specs = EXCLUDED.requires_manual_specs;
INSERT INTO rides.haulage_item_variants (item_id, id, label, sort_order, weight_kg, length_cm, width_cm, height_cm, min_body_type_slug, upright_only, fragile_default, requires_disassembly_default, gear_tags) VALUES ('wall_oven', 'single', 'Single', 10, 60, 80, 60, 100, 'pickup', FALSE, FALSE, FALSE, ARRAY[]::text[]) ON CONFLICT (item_id, id) DO UPDATE SET label = EXCLUDED.label, weight_kg = EXCLUDED.weight_kg, length_cm = EXCLUDED.length_cm, width_cm = EXCLUDED.width_cm, height_cm = EXCLUDED.height_cm, min_body_type_slug = EXCLUDED.min_body_type_slug, upright_only = EXCLUDED.upright_only;
INSERT INTO rides.haulage_item_variants (item_id, id, label, sort_order, weight_kg, length_cm, width_cm, height_cm, min_body_type_slug, upright_only, fragile_default, requires_disassembly_default, gear_tags) VALUES ('wall_oven', 'double', 'Double', 20, 60, 80, 60, 100, 'pickup', FALSE, FALSE, FALSE, ARRAY[]::text[]) ON CONFLICT (item_id, id) DO UPDATE SET label = EXCLUDED.label, weight_kg = EXCLUDED.weight_kg, length_cm = EXCLUDED.length_cm, width_cm = EXCLUDED.width_cm, height_cm = EXCLUDED.height_cm, min_body_type_slug = EXCLUDED.min_body_type_slug, upright_only = EXCLUDED.upright_only;
INSERT INTO rides.haulage_item_variants (item_id, id, label, sort_order, weight_kg, length_cm, width_cm, height_cm, min_body_type_slug, upright_only, fragile_default, requires_disassembly_default, gear_tags) VALUES ('wall_oven', 'compact', 'Compact', 30, 25, 50, 40, 40, 'sedan', FALSE, FALSE, FALSE, ARRAY[]::text[]) ON CONFLICT (item_id, id) DO UPDATE SET label = EXCLUDED.label, weight_kg = EXCLUDED.weight_kg, length_cm = EXCLUDED.length_cm, width_cm = EXCLUDED.width_cm, height_cm = EXCLUDED.height_cm, min_body_type_slug = EXCLUDED.min_body_type_slug, upright_only = EXCLUDED.upright_only;
INSERT INTO rides.haulage_item_variants (item_id, id, label, sort_order, weight_kg, length_cm, width_cm, height_cm, min_body_type_slug, upright_only, fragile_default, requires_disassembly_default, gear_tags) VALUES ('wall_oven', 'commercial', 'Commercial', 40, 200, 180, 100, 180, 'box-truck', FALSE, FALSE, FALSE, ARRAY['dolly', 'straps']) ON CONFLICT (item_id, id) DO UPDATE SET label = EXCLUDED.label, weight_kg = EXCLUDED.weight_kg, length_cm = EXCLUDED.length_cm, width_cm = EXCLUDED.width_cm, height_cm = EXCLUDED.height_cm, min_body_type_slug = EXCLUDED.min_body_type_slug, upright_only = EXCLUDED.upright_only;
INSERT INTO rides.haulage_items (id, category_id, subgroup_id, title, subtitle, icon, emoji, sort_order, requires_manual_specs) VALUES ('dishwasher', 'appliances', 'major_kitchen', 'Dishwasher', 'Built-in or portable', 'flatware', '🍽️', 50, FALSE) ON CONFLICT (id) DO UPDATE SET title = EXCLUDED.title, subtitle = EXCLUDED.subtitle, requires_manual_specs = EXCLUDED.requires_manual_specs;
INSERT INTO rides.haulage_item_variants (item_id, id, label, sort_order, weight_kg, length_cm, width_cm, height_cm, min_body_type_slug, upright_only, fragile_default, requires_disassembly_default, gear_tags) VALUES ('dishwasher', 'standard_24', '24" standard', 10, 60, 80, 60, 100, 'pickup', FALSE, FALSE, FALSE, ARRAY[]::text[]) ON CONFLICT (item_id, id) DO UPDATE SET label = EXCLUDED.label, weight_kg = EXCLUDED.weight_kg, length_cm = EXCLUDED.length_cm, width_cm = EXCLUDED.width_cm, height_cm = EXCLUDED.height_cm, min_body_type_slug = EXCLUDED.min_body_type_slug, upright_only = EXCLUDED.upright_only;
INSERT INTO rides.haulage_item_variants (item_id, id, label, sort_order, weight_kg, length_cm, width_cm, height_cm, min_body_type_slug, upright_only, fragile_default, requires_disassembly_default, gear_tags) VALUES ('dishwasher', 'compact_18', '18" compact', 20, 60, 80, 60, 100, 'pickup', FALSE, FALSE, FALSE, ARRAY[]::text[]) ON CONFLICT (item_id, id) DO UPDATE SET label = EXCLUDED.label, weight_kg = EXCLUDED.weight_kg, length_cm = EXCLUDED.length_cm, width_cm = EXCLUDED.width_cm, height_cm = EXCLUDED.height_cm, min_body_type_slug = EXCLUDED.min_body_type_slug, upright_only = EXCLUDED.upright_only;
INSERT INTO rides.haulage_item_variants (item_id, id, label, sort_order, weight_kg, length_cm, width_cm, height_cm, min_body_type_slug, upright_only, fragile_default, requires_disassembly_default, gear_tags) VALUES ('dishwasher', 'drawer', 'Drawer', 30, 60, 80, 60, 100, 'pickup', FALSE, FALSE, FALSE, ARRAY[]::text[]) ON CONFLICT (item_id, id) DO UPDATE SET label = EXCLUDED.label, weight_kg = EXCLUDED.weight_kg, length_cm = EXCLUDED.length_cm, width_cm = EXCLUDED.width_cm, height_cm = EXCLUDED.height_cm, min_body_type_slug = EXCLUDED.min_body_type_slug, upright_only = EXCLUDED.upright_only;
INSERT INTO rides.haulage_item_variants (item_id, id, label, sort_order, weight_kg, length_cm, width_cm, height_cm, min_body_type_slug, upright_only, fragile_default, requires_disassembly_default, gear_tags) VALUES ('dishwasher', 'portable', 'Portable', 40, 60, 80, 60, 100, 'pickup', FALSE, FALSE, FALSE, ARRAY[]::text[]) ON CONFLICT (item_id, id) DO UPDATE SET label = EXCLUDED.label, weight_kg = EXCLUDED.weight_kg, length_cm = EXCLUDED.length_cm, width_cm = EXCLUDED.width_cm, height_cm = EXCLUDED.height_cm, min_body_type_slug = EXCLUDED.min_body_type_slug, upright_only = EXCLUDED.upright_only;
INSERT INTO rides.haulage_items (id, category_id, subgroup_id, title, subtitle, icon, emoji, sort_order, requires_manual_specs) VALUES ('washing_machine', 'appliances', 'laundry', 'Washing machine', 'Front or top load', 'local_laundry_service', '🧺', 60, FALSE) ON CONFLICT (id) DO UPDATE SET title = EXCLUDED.title, subtitle = EXCLUDED.subtitle, requires_manual_specs = EXCLUDED.requires_manual_specs;
INSERT INTO rides.haulage_item_variants (item_id, id, label, sort_order, weight_kg, length_cm, width_cm, height_cm, min_body_type_slug, upright_only, fragile_default, requires_disassembly_default, gear_tags) VALUES ('washing_machine', 'front_load', 'Front load', 10, 60, 80, 60, 100, 'pickup', FALSE, FALSE, FALSE, ARRAY[]::text[]) ON CONFLICT (item_id, id) DO UPDATE SET label = EXCLUDED.label, weight_kg = EXCLUDED.weight_kg, length_cm = EXCLUDED.length_cm, width_cm = EXCLUDED.width_cm, height_cm = EXCLUDED.height_cm, min_body_type_slug = EXCLUDED.min_body_type_slug, upright_only = EXCLUDED.upright_only;
INSERT INTO rides.haulage_item_variants (item_id, id, label, sort_order, weight_kg, length_cm, width_cm, height_cm, min_body_type_slug, upright_only, fragile_default, requires_disassembly_default, gear_tags) VALUES ('washing_machine', 'top_load', 'Top load', 20, 60, 80, 60, 100, 'pickup', FALSE, FALSE, FALSE, ARRAY[]::text[]) ON CONFLICT (item_id, id) DO UPDATE SET label = EXCLUDED.label, weight_kg = EXCLUDED.weight_kg, length_cm = EXCLUDED.length_cm, width_cm = EXCLUDED.width_cm, height_cm = EXCLUDED.height_cm, min_body_type_slug = EXCLUDED.min_body_type_slug, upright_only = EXCLUDED.upright_only;
INSERT INTO rides.haulage_item_variants (item_id, id, label, sort_order, weight_kg, length_cm, width_cm, height_cm, min_body_type_slug, upright_only, fragile_default, requires_disassembly_default, gear_tags) VALUES ('washing_machine', 'combo', 'Combo', 30, 60, 80, 60, 100, 'pickup', FALSE, FALSE, FALSE, ARRAY[]::text[]) ON CONFLICT (item_id, id) DO UPDATE SET label = EXCLUDED.label, weight_kg = EXCLUDED.weight_kg, length_cm = EXCLUDED.length_cm, width_cm = EXCLUDED.width_cm, height_cm = EXCLUDED.height_cm, min_body_type_slug = EXCLUDED.min_body_type_slug, upright_only = EXCLUDED.upright_only;
INSERT INTO rides.haulage_item_variants (item_id, id, label, sort_order, weight_kg, length_cm, width_cm, height_cm, min_body_type_slug, upright_only, fragile_default, requires_disassembly_default, gear_tags) VALUES ('washing_machine', 'stackable', 'Stackable', 40, 60, 80, 60, 100, 'pickup', FALSE, FALSE, FALSE, ARRAY[]::text[]) ON CONFLICT (item_id, id) DO UPDATE SET label = EXCLUDED.label, weight_kg = EXCLUDED.weight_kg, length_cm = EXCLUDED.length_cm, width_cm = EXCLUDED.width_cm, height_cm = EXCLUDED.height_cm, min_body_type_slug = EXCLUDED.min_body_type_slug, upright_only = EXCLUDED.upright_only;
INSERT INTO rides.haulage_items (id, category_id, subgroup_id, title, subtitle, icon, emoji, sort_order, requires_manual_specs) VALUES ('dryer', 'appliances', 'laundry', 'Dryer', 'Electric or gas dryer', 'dry', '💨', 70, FALSE) ON CONFLICT (id) DO UPDATE SET title = EXCLUDED.title, subtitle = EXCLUDED.subtitle, requires_manual_specs = EXCLUDED.requires_manual_specs;
INSERT INTO rides.haulage_item_variants (item_id, id, label, sort_order, weight_kg, length_cm, width_cm, height_cm, min_body_type_slug, upright_only, fragile_default, requires_disassembly_default, gear_tags) VALUES ('dryer', 'electric', 'Electric', 10, 60, 80, 60, 100, 'pickup', FALSE, FALSE, FALSE, ARRAY[]::text[]) ON CONFLICT (item_id, id) DO UPDATE SET label = EXCLUDED.label, weight_kg = EXCLUDED.weight_kg, length_cm = EXCLUDED.length_cm, width_cm = EXCLUDED.width_cm, height_cm = EXCLUDED.height_cm, min_body_type_slug = EXCLUDED.min_body_type_slug, upright_only = EXCLUDED.upright_only;
INSERT INTO rides.haulage_item_variants (item_id, id, label, sort_order, weight_kg, length_cm, width_cm, height_cm, min_body_type_slug, upright_only, fragile_default, requires_disassembly_default, gear_tags) VALUES ('dryer', 'gas', 'Gas', 20, 60, 80, 60, 100, 'pickup', FALSE, FALSE, FALSE, ARRAY[]::text[]) ON CONFLICT (item_id, id) DO UPDATE SET label = EXCLUDED.label, weight_kg = EXCLUDED.weight_kg, length_cm = EXCLUDED.length_cm, width_cm = EXCLUDED.width_cm, height_cm = EXCLUDED.height_cm, min_body_type_slug = EXCLUDED.min_body_type_slug, upright_only = EXCLUDED.upright_only;
INSERT INTO rides.haulage_item_variants (item_id, id, label, sort_order, weight_kg, length_cm, width_cm, height_cm, min_body_type_slug, upright_only, fragile_default, requires_disassembly_default, gear_tags) VALUES ('dryer', 'compact', 'Compact', 30, 25, 50, 40, 40, 'sedan', FALSE, FALSE, FALSE, ARRAY[]::text[]) ON CONFLICT (item_id, id) DO UPDATE SET label = EXCLUDED.label, weight_kg = EXCLUDED.weight_kg, length_cm = EXCLUDED.length_cm, width_cm = EXCLUDED.width_cm, height_cm = EXCLUDED.height_cm, min_body_type_slug = EXCLUDED.min_body_type_slug, upright_only = EXCLUDED.upright_only;
INSERT INTO rides.haulage_item_variants (item_id, id, label, sort_order, weight_kg, length_cm, width_cm, height_cm, min_body_type_slug, upright_only, fragile_default, requires_disassembly_default, gear_tags) VALUES ('dryer', 'commercial', 'Commercial', 40, 200, 180, 100, 180, 'box-truck', FALSE, FALSE, FALSE, ARRAY['dolly', 'straps']) ON CONFLICT (item_id, id) DO UPDATE SET label = EXCLUDED.label, weight_kg = EXCLUDED.weight_kg, length_cm = EXCLUDED.length_cm, width_cm = EXCLUDED.width_cm, height_cm = EXCLUDED.height_cm, min_body_type_slug = EXCLUDED.min_body_type_slug, upright_only = EXCLUDED.upright_only;
INSERT INTO rides.haulage_items (id, category_id, subgroup_id, title, subtitle, icon, emoji, sort_order, requires_manual_specs) VALUES ('stacked_combo', 'appliances', 'laundry', 'Stacked washer/dryer', 'Laundry tower', 'view_column', '🧱', 80, FALSE) ON CONFLICT (id) DO UPDATE SET title = EXCLUDED.title, subtitle = EXCLUDED.subtitle, requires_manual_specs = EXCLUDED.requires_manual_specs;
INSERT INTO rides.haulage_item_variants (item_id, id, label, sort_order, weight_kg, length_cm, width_cm, height_cm, min_body_type_slug, upright_only, fragile_default, requires_disassembly_default, gear_tags) VALUES ('stacked_combo', 'standard', 'Standard', 10, 60, 80, 60, 100, 'pickup', FALSE, FALSE, FALSE, ARRAY[]::text[]) ON CONFLICT (item_id, id) DO UPDATE SET label = EXCLUDED.label, weight_kg = EXCLUDED.weight_kg, length_cm = EXCLUDED.length_cm, width_cm = EXCLUDED.width_cm, height_cm = EXCLUDED.height_cm, min_body_type_slug = EXCLUDED.min_body_type_slug, upright_only = EXCLUDED.upright_only;
INSERT INTO rides.haulage_item_variants (item_id, id, label, sort_order, weight_kg, length_cm, width_cm, height_cm, min_body_type_slug, upright_only, fragile_default, requires_disassembly_default, gear_tags) VALUES ('stacked_combo', 'compact', 'Compact', 20, 25, 50, 40, 40, 'sedan', FALSE, FALSE, FALSE, ARRAY[]::text[]) ON CONFLICT (item_id, id) DO UPDATE SET label = EXCLUDED.label, weight_kg = EXCLUDED.weight_kg, length_cm = EXCLUDED.length_cm, width_cm = EXCLUDED.width_cm, height_cm = EXCLUDED.height_cm, min_body_type_slug = EXCLUDED.min_body_type_slug, upright_only = EXCLUDED.upright_only;
INSERT INTO rides.haulage_item_variants (item_id, id, label, sort_order, weight_kg, length_cm, width_cm, height_cm, min_body_type_slug, upright_only, fragile_default, requires_disassembly_default, gear_tags) VALUES ('stacked_combo', 'large', 'Large', 30, 120, 120, 80, 150, 'cargo-van', FALSE, FALSE, FALSE, ARRAY['dolly', 'straps']) ON CONFLICT (item_id, id) DO UPDATE SET label = EXCLUDED.label, weight_kg = EXCLUDED.weight_kg, length_cm = EXCLUDED.length_cm, width_cm = EXCLUDED.width_cm, height_cm = EXCLUDED.height_cm, min_body_type_slug = EXCLUDED.min_body_type_slug, upright_only = EXCLUDED.upright_only;
INSERT INTO rides.haulage_item_variants (item_id, id, label, sort_order, weight_kg, length_cm, width_cm, height_cm, min_body_type_slug, upright_only, fragile_default, requires_disassembly_default, gear_tags) VALUES ('stacked_combo', 'commercial', 'Commercial', 40, 200, 180, 100, 180, 'box-truck', FALSE, FALSE, FALSE, ARRAY['dolly', 'straps']) ON CONFLICT (item_id, id) DO UPDATE SET label = EXCLUDED.label, weight_kg = EXCLUDED.weight_kg, length_cm = EXCLUDED.length_cm, width_cm = EXCLUDED.width_cm, height_cm = EXCLUDED.height_cm, min_body_type_slug = EXCLUDED.min_body_type_slug, upright_only = EXCLUDED.upright_only;
INSERT INTO rides.haulage_items (id, category_id, subgroup_id, title, subtitle, icon, emoji, sort_order, requires_manual_specs) VALUES ('microwave', 'appliances', 'mid_sized', 'Microwave', 'Countertop or built-in', 'microwave', '🍿', 90, FALSE) ON CONFLICT (id) DO UPDATE SET title = EXCLUDED.title, subtitle = EXCLUDED.subtitle, requires_manual_specs = EXCLUDED.requires_manual_specs;
INSERT INTO rides.haulage_item_variants (item_id, id, label, sort_order, weight_kg, length_cm, width_cm, height_cm, min_body_type_slug, upright_only, fragile_default, requires_disassembly_default, gear_tags) VALUES ('microwave', 'standard', 'Standard', 10, 16, 61, 41, 30, 'sedan', FALSE, TRUE, FALSE, ARRAY[]::text[]) ON CONFLICT (item_id, id) DO UPDATE SET label = EXCLUDED.label, weight_kg = EXCLUDED.weight_kg, length_cm = EXCLUDED.length_cm, width_cm = EXCLUDED.width_cm, height_cm = EXCLUDED.height_cm, min_body_type_slug = EXCLUDED.min_body_type_slug, upright_only = EXCLUDED.upright_only;
INSERT INTO rides.haulage_item_variants (item_id, id, label, sort_order, weight_kg, length_cm, width_cm, height_cm, min_body_type_slug, upright_only, fragile_default, requires_disassembly_default, gear_tags) VALUES ('microwave', 'compact', 'Compact', 20, 12, 50, 35, 28, 'sedan', FALSE, FALSE, FALSE, ARRAY[]::text[]) ON CONFLICT (item_id, id) DO UPDATE SET label = EXCLUDED.label, weight_kg = EXCLUDED.weight_kg, length_cm = EXCLUDED.length_cm, width_cm = EXCLUDED.width_cm, height_cm = EXCLUDED.height_cm, min_body_type_slug = EXCLUDED.min_body_type_slug, upright_only = EXCLUDED.upright_only;
INSERT INTO rides.haulage_item_variants (item_id, id, label, sort_order, weight_kg, length_cm, width_cm, height_cm, min_body_type_slug, upright_only, fragile_default, requires_disassembly_default, gear_tags) VALUES ('microwave', 'large', 'Large', 30, 27, 76, 41, 41, 'suv', FALSE, FALSE, FALSE, ARRAY[]::text[]) ON CONFLICT (item_id, id) DO UPDATE SET label = EXCLUDED.label, weight_kg = EXCLUDED.weight_kg, length_cm = EXCLUDED.length_cm, width_cm = EXCLUDED.width_cm, height_cm = EXCLUDED.height_cm, min_body_type_slug = EXCLUDED.min_body_type_slug, upright_only = EXCLUDED.upright_only;
INSERT INTO rides.haulage_item_variants (item_id, id, label, sort_order, weight_kg, length_cm, width_cm, height_cm, min_body_type_slug, upright_only, fragile_default, requires_disassembly_default, gear_tags) VALUES ('microwave', 'commercial', 'Commercial', 40, 40, 80, 50, 45, 'pickup', FALSE, FALSE, FALSE, ARRAY[]::text[]) ON CONFLICT (item_id, id) DO UPDATE SET label = EXCLUDED.label, weight_kg = EXCLUDED.weight_kg, length_cm = EXCLUDED.length_cm, width_cm = EXCLUDED.width_cm, height_cm = EXCLUDED.height_cm, min_body_type_slug = EXCLUDED.min_body_type_slug, upright_only = EXCLUDED.upright_only;
INSERT INTO rides.haulage_items (id, category_id, subgroup_id, title, subtitle, icon, emoji, sort_order, requires_manual_specs) VALUES ('wine_cooler', 'appliances', 'mid_sized', 'Wine cooler', 'Beverage cooler', 'wine_bar', '🍷', 100, FALSE) ON CONFLICT (id) DO UPDATE SET title = EXCLUDED.title, subtitle = EXCLUDED.subtitle, requires_manual_specs = EXCLUDED.requires_manual_specs;
INSERT INTO rides.haulage_item_variants (item_id, id, label, sort_order, weight_kg, length_cm, width_cm, height_cm, min_body_type_slug, upright_only, fragile_default, requires_disassembly_default, gear_tags) VALUES ('wine_cooler', 'standard', 'Standard', 10, 60, 80, 60, 100, 'pickup', FALSE, FALSE, FALSE, ARRAY[]::text[]) ON CONFLICT (item_id, id) DO UPDATE SET label = EXCLUDED.label, weight_kg = EXCLUDED.weight_kg, length_cm = EXCLUDED.length_cm, width_cm = EXCLUDED.width_cm, height_cm = EXCLUDED.height_cm, min_body_type_slug = EXCLUDED.min_body_type_slug, upright_only = EXCLUDED.upright_only;
INSERT INTO rides.haulage_item_variants (item_id, id, label, sort_order, weight_kg, length_cm, width_cm, height_cm, min_body_type_slug, upright_only, fragile_default, requires_disassembly_default, gear_tags) VALUES ('wine_cooler', 'compact', 'Compact', 20, 25, 50, 40, 40, 'sedan', FALSE, FALSE, FALSE, ARRAY[]::text[]) ON CONFLICT (item_id, id) DO UPDATE SET label = EXCLUDED.label, weight_kg = EXCLUDED.weight_kg, length_cm = EXCLUDED.length_cm, width_cm = EXCLUDED.width_cm, height_cm = EXCLUDED.height_cm, min_body_type_slug = EXCLUDED.min_body_type_slug, upright_only = EXCLUDED.upright_only;
INSERT INTO rides.haulage_item_variants (item_id, id, label, sort_order, weight_kg, length_cm, width_cm, height_cm, min_body_type_slug, upright_only, fragile_default, requires_disassembly_default, gear_tags) VALUES ('wine_cooler', 'large', 'Large', 30, 120, 120, 80, 150, 'cargo-van', FALSE, FALSE, FALSE, ARRAY['dolly', 'straps']) ON CONFLICT (item_id, id) DO UPDATE SET label = EXCLUDED.label, weight_kg = EXCLUDED.weight_kg, length_cm = EXCLUDED.length_cm, width_cm = EXCLUDED.width_cm, height_cm = EXCLUDED.height_cm, min_body_type_slug = EXCLUDED.min_body_type_slug, upright_only = EXCLUDED.upright_only;
INSERT INTO rides.haulage_item_variants (item_id, id, label, sort_order, weight_kg, length_cm, width_cm, height_cm, min_body_type_slug, upright_only, fragile_default, requires_disassembly_default, gear_tags) VALUES ('wine_cooler', 'commercial', 'Commercial', 40, 200, 180, 100, 180, 'box-truck', FALSE, FALSE, FALSE, ARRAY['dolly', 'straps']) ON CONFLICT (item_id, id) DO UPDATE SET label = EXCLUDED.label, weight_kg = EXCLUDED.weight_kg, length_cm = EXCLUDED.length_cm, width_cm = EXCLUDED.width_cm, height_cm = EXCLUDED.height_cm, min_body_type_slug = EXCLUDED.min_body_type_slug, upright_only = EXCLUDED.upright_only;
INSERT INTO rides.haulage_items (id, category_id, subgroup_id, title, subtitle, icon, emoji, sort_order, requires_manual_specs) VALUES ('water_cooler', 'appliances', 'mid_sized', 'Water cooler', 'Dispenser unit', 'water_drop', '🚰', 110, FALSE) ON CONFLICT (id) DO UPDATE SET title = EXCLUDED.title, subtitle = EXCLUDED.subtitle, requires_manual_specs = EXCLUDED.requires_manual_specs;
INSERT INTO rides.haulage_item_variants (item_id, id, label, sort_order, weight_kg, length_cm, width_cm, height_cm, min_body_type_slug, upright_only, fragile_default, requires_disassembly_default, gear_tags) VALUES ('water_cooler', 'standard', 'Standard', 10, 60, 80, 60, 100, 'pickup', FALSE, FALSE, FALSE, ARRAY[]::text[]) ON CONFLICT (item_id, id) DO UPDATE SET label = EXCLUDED.label, weight_kg = EXCLUDED.weight_kg, length_cm = EXCLUDED.length_cm, width_cm = EXCLUDED.width_cm, height_cm = EXCLUDED.height_cm, min_body_type_slug = EXCLUDED.min_body_type_slug, upright_only = EXCLUDED.upright_only;
INSERT INTO rides.haulage_item_variants (item_id, id, label, sort_order, weight_kg, length_cm, width_cm, height_cm, min_body_type_slug, upright_only, fragile_default, requires_disassembly_default, gear_tags) VALUES ('water_cooler', 'compact', 'Compact', 20, 25, 50, 40, 40, 'sedan', FALSE, FALSE, FALSE, ARRAY[]::text[]) ON CONFLICT (item_id, id) DO UPDATE SET label = EXCLUDED.label, weight_kg = EXCLUDED.weight_kg, length_cm = EXCLUDED.length_cm, width_cm = EXCLUDED.width_cm, height_cm = EXCLUDED.height_cm, min_body_type_slug = EXCLUDED.min_body_type_slug, upright_only = EXCLUDED.upright_only;
INSERT INTO rides.haulage_item_variants (item_id, id, label, sort_order, weight_kg, length_cm, width_cm, height_cm, min_body_type_slug, upright_only, fragile_default, requires_disassembly_default, gear_tags) VALUES ('water_cooler', 'large', 'Large', 30, 120, 120, 80, 150, 'cargo-van', FALSE, FALSE, FALSE, ARRAY['dolly', 'straps']) ON CONFLICT (item_id, id) DO UPDATE SET label = EXCLUDED.label, weight_kg = EXCLUDED.weight_kg, length_cm = EXCLUDED.length_cm, width_cm = EXCLUDED.width_cm, height_cm = EXCLUDED.height_cm, min_body_type_slug = EXCLUDED.min_body_type_slug, upright_only = EXCLUDED.upright_only;
INSERT INTO rides.haulage_item_variants (item_id, id, label, sort_order, weight_kg, length_cm, width_cm, height_cm, min_body_type_slug, upright_only, fragile_default, requires_disassembly_default, gear_tags) VALUES ('water_cooler', 'commercial', 'Commercial', 40, 200, 180, 100, 180, 'box-truck', FALSE, FALSE, FALSE, ARRAY['dolly', 'straps']) ON CONFLICT (item_id, id) DO UPDATE SET label = EXCLUDED.label, weight_kg = EXCLUDED.weight_kg, length_cm = EXCLUDED.length_cm, width_cm = EXCLUDED.width_cm, height_cm = EXCLUDED.height_cm, min_body_type_slug = EXCLUDED.min_body_type_slug, upright_only = EXCLUDED.upright_only;
INSERT INTO rides.haulage_items (id, category_id, subgroup_id, title, subtitle, icon, emoji, sort_order, requires_manual_specs) VALUES ('air_conditioner', 'appliances', 'climate_control', 'Air conditioner', 'Window or portable AC', 'ac_unit', '🌡️', 120, FALSE) ON CONFLICT (id) DO UPDATE SET title = EXCLUDED.title, subtitle = EXCLUDED.subtitle, requires_manual_specs = EXCLUDED.requires_manual_specs;
INSERT INTO rides.haulage_item_variants (item_id, id, label, sort_order, weight_kg, length_cm, width_cm, height_cm, min_body_type_slug, upright_only, fragile_default, requires_disassembly_default, gear_tags) VALUES ('air_conditioner', 'window', 'Window', 10, 60, 80, 60, 100, 'pickup', FALSE, FALSE, FALSE, ARRAY[]::text[]) ON CONFLICT (item_id, id) DO UPDATE SET label = EXCLUDED.label, weight_kg = EXCLUDED.weight_kg, length_cm = EXCLUDED.length_cm, width_cm = EXCLUDED.width_cm, height_cm = EXCLUDED.height_cm, min_body_type_slug = EXCLUDED.min_body_type_slug, upright_only = EXCLUDED.upright_only;
INSERT INTO rides.haulage_item_variants (item_id, id, label, sort_order, weight_kg, length_cm, width_cm, height_cm, min_body_type_slug, upright_only, fragile_default, requires_disassembly_default, gear_tags) VALUES ('air_conditioner', 'portable', 'Portable', 20, 60, 80, 60, 100, 'pickup', FALSE, FALSE, FALSE, ARRAY[]::text[]) ON CONFLICT (item_id, id) DO UPDATE SET label = EXCLUDED.label, weight_kg = EXCLUDED.weight_kg, length_cm = EXCLUDED.length_cm, width_cm = EXCLUDED.width_cm, height_cm = EXCLUDED.height_cm, min_body_type_slug = EXCLUDED.min_body_type_slug, upright_only = EXCLUDED.upright_only;
INSERT INTO rides.haulage_item_variants (item_id, id, label, sort_order, weight_kg, length_cm, width_cm, height_cm, min_body_type_slug, upright_only, fragile_default, requires_disassembly_default, gear_tags) VALUES ('air_conditioner', 'split', 'Split unit', 30, 60, 80, 60, 100, 'pickup', FALSE, FALSE, FALSE, ARRAY[]::text[]) ON CONFLICT (item_id, id) DO UPDATE SET label = EXCLUDED.label, weight_kg = EXCLUDED.weight_kg, length_cm = EXCLUDED.length_cm, width_cm = EXCLUDED.width_cm, height_cm = EXCLUDED.height_cm, min_body_type_slug = EXCLUDED.min_body_type_slug, upright_only = EXCLUDED.upright_only;
INSERT INTO rides.haulage_item_variants (item_id, id, label, sort_order, weight_kg, length_cm, width_cm, height_cm, min_body_type_slug, upright_only, fragile_default, requires_disassembly_default, gear_tags) VALUES ('air_conditioner', 'commercial', 'Commercial', 40, 200, 180, 100, 180, 'box-truck', FALSE, FALSE, FALSE, ARRAY['dolly', 'straps']) ON CONFLICT (item_id, id) DO UPDATE SET label = EXCLUDED.label, weight_kg = EXCLUDED.weight_kg, length_cm = EXCLUDED.length_cm, width_cm = EXCLUDED.width_cm, height_cm = EXCLUDED.height_cm, min_body_type_slug = EXCLUDED.min_body_type_slug, upright_only = EXCLUDED.upright_only;
INSERT INTO rides.haulage_items (id, category_id, subgroup_id, title, subtitle, icon, emoji, sort_order, requires_manual_specs) VALUES ('dehumidifier', 'appliances', 'climate_control', 'Dehumidifier', 'Portable unit', 'humidity_low', '☁️', 130, FALSE) ON CONFLICT (id) DO UPDATE SET title = EXCLUDED.title, subtitle = EXCLUDED.subtitle, requires_manual_specs = EXCLUDED.requires_manual_specs;
INSERT INTO rides.haulage_item_variants (item_id, id, label, sort_order, weight_kg, length_cm, width_cm, height_cm, min_body_type_slug, upright_only, fragile_default, requires_disassembly_default, gear_tags) VALUES ('dehumidifier', 'standard', 'Standard', 10, 60, 80, 60, 100, 'pickup', FALSE, FALSE, FALSE, ARRAY[]::text[]) ON CONFLICT (item_id, id) DO UPDATE SET label = EXCLUDED.label, weight_kg = EXCLUDED.weight_kg, length_cm = EXCLUDED.length_cm, width_cm = EXCLUDED.width_cm, height_cm = EXCLUDED.height_cm, min_body_type_slug = EXCLUDED.min_body_type_slug, upright_only = EXCLUDED.upright_only;
INSERT INTO rides.haulage_item_variants (item_id, id, label, sort_order, weight_kg, length_cm, width_cm, height_cm, min_body_type_slug, upright_only, fragile_default, requires_disassembly_default, gear_tags) VALUES ('dehumidifier', 'compact', 'Compact', 20, 25, 50, 40, 40, 'sedan', FALSE, FALSE, FALSE, ARRAY[]::text[]) ON CONFLICT (item_id, id) DO UPDATE SET label = EXCLUDED.label, weight_kg = EXCLUDED.weight_kg, length_cm = EXCLUDED.length_cm, width_cm = EXCLUDED.width_cm, height_cm = EXCLUDED.height_cm, min_body_type_slug = EXCLUDED.min_body_type_slug, upright_only = EXCLUDED.upright_only;
INSERT INTO rides.haulage_item_variants (item_id, id, label, sort_order, weight_kg, length_cm, width_cm, height_cm, min_body_type_slug, upright_only, fragile_default, requires_disassembly_default, gear_tags) VALUES ('dehumidifier', 'large', 'Large', 30, 120, 120, 80, 150, 'cargo-van', FALSE, FALSE, FALSE, ARRAY['dolly', 'straps']) ON CONFLICT (item_id, id) DO UPDATE SET label = EXCLUDED.label, weight_kg = EXCLUDED.weight_kg, length_cm = EXCLUDED.length_cm, width_cm = EXCLUDED.width_cm, height_cm = EXCLUDED.height_cm, min_body_type_slug = EXCLUDED.min_body_type_slug, upright_only = EXCLUDED.upright_only;
INSERT INTO rides.haulage_item_variants (item_id, id, label, sort_order, weight_kg, length_cm, width_cm, height_cm, min_body_type_slug, upright_only, fragile_default, requires_disassembly_default, gear_tags) VALUES ('dehumidifier', 'commercial', 'Commercial', 40, 200, 180, 100, 180, 'box-truck', FALSE, FALSE, FALSE, ARRAY['dolly', 'straps']) ON CONFLICT (item_id, id) DO UPDATE SET label = EXCLUDED.label, weight_kg = EXCLUDED.weight_kg, length_cm = EXCLUDED.length_cm, width_cm = EXCLUDED.width_cm, height_cm = EXCLUDED.height_cm, min_body_type_slug = EXCLUDED.min_body_type_slug, upright_only = EXCLUDED.upright_only;
INSERT INTO rides.haulage_items (id, category_id, subgroup_id, title, subtitle, icon, emoji, sort_order, requires_manual_specs) VALUES ('water_heater', 'appliances', 'utility_outdoor', 'Water heater', 'Tank or tankless', 'water_heater', '🔥', 140, FALSE) ON CONFLICT (id) DO UPDATE SET title = EXCLUDED.title, subtitle = EXCLUDED.subtitle, requires_manual_specs = EXCLUDED.requires_manual_specs;
INSERT INTO rides.haulage_item_variants (item_id, id, label, sort_order, weight_kg, length_cm, width_cm, height_cm, min_body_type_slug, upright_only, fragile_default, requires_disassembly_default, gear_tags) VALUES ('water_heater', 'tank', 'Tank', 10, 60, 80, 60, 100, 'pickup', FALSE, FALSE, FALSE, ARRAY[]::text[]) ON CONFLICT (item_id, id) DO UPDATE SET label = EXCLUDED.label, weight_kg = EXCLUDED.weight_kg, length_cm = EXCLUDED.length_cm, width_cm = EXCLUDED.width_cm, height_cm = EXCLUDED.height_cm, min_body_type_slug = EXCLUDED.min_body_type_slug, upright_only = EXCLUDED.upright_only;
INSERT INTO rides.haulage_item_variants (item_id, id, label, sort_order, weight_kg, length_cm, width_cm, height_cm, min_body_type_slug, upright_only, fragile_default, requires_disassembly_default, gear_tags) VALUES ('water_heater', 'tankless', 'Tankless', 20, 60, 80, 60, 100, 'pickup', FALSE, FALSE, FALSE, ARRAY[]::text[]) ON CONFLICT (item_id, id) DO UPDATE SET label = EXCLUDED.label, weight_kg = EXCLUDED.weight_kg, length_cm = EXCLUDED.length_cm, width_cm = EXCLUDED.width_cm, height_cm = EXCLUDED.height_cm, min_body_type_slug = EXCLUDED.min_body_type_slug, upright_only = EXCLUDED.upright_only;
INSERT INTO rides.haulage_item_variants (item_id, id, label, sort_order, weight_kg, length_cm, width_cm, height_cm, min_body_type_slug, upright_only, fragile_default, requires_disassembly_default, gear_tags) VALUES ('water_heater', 'hybrid', 'Hybrid', 30, 60, 80, 60, 100, 'pickup', FALSE, FALSE, FALSE, ARRAY[]::text[]) ON CONFLICT (item_id, id) DO UPDATE SET label = EXCLUDED.label, weight_kg = EXCLUDED.weight_kg, length_cm = EXCLUDED.length_cm, width_cm = EXCLUDED.width_cm, height_cm = EXCLUDED.height_cm, min_body_type_slug = EXCLUDED.min_body_type_slug, upright_only = EXCLUDED.upright_only;
INSERT INTO rides.haulage_item_variants (item_id, id, label, sort_order, weight_kg, length_cm, width_cm, height_cm, min_body_type_slug, upright_only, fragile_default, requires_disassembly_default, gear_tags) VALUES ('water_heater', 'commercial', 'Commercial', 40, 200, 180, 100, 180, 'box-truck', FALSE, FALSE, FALSE, ARRAY['dolly', 'straps']) ON CONFLICT (item_id, id) DO UPDATE SET label = EXCLUDED.label, weight_kg = EXCLUDED.weight_kg, length_cm = EXCLUDED.length_cm, width_cm = EXCLUDED.width_cm, height_cm = EXCLUDED.height_cm, min_body_type_slug = EXCLUDED.min_body_type_slug, upright_only = EXCLUDED.upright_only;
INSERT INTO rides.haulage_items (id, category_id, subgroup_id, title, subtitle, icon, emoji, sort_order, requires_manual_specs) VALUES ('bbq_grill', 'appliances', 'utility_outdoor', 'BBQ grill', 'Outdoor grill', 'outdoor_grill', '🍖', 150, FALSE) ON CONFLICT (id) DO UPDATE SET title = EXCLUDED.title, subtitle = EXCLUDED.subtitle, requires_manual_specs = EXCLUDED.requires_manual_specs;
INSERT INTO rides.haulage_item_variants (item_id, id, label, sort_order, weight_kg, length_cm, width_cm, height_cm, min_body_type_slug, upright_only, fragile_default, requires_disassembly_default, gear_tags) VALUES ('bbq_grill', 'gas', 'Gas', 10, 60, 80, 60, 100, 'pickup', FALSE, FALSE, FALSE, ARRAY[]::text[]) ON CONFLICT (item_id, id) DO UPDATE SET label = EXCLUDED.label, weight_kg = EXCLUDED.weight_kg, length_cm = EXCLUDED.length_cm, width_cm = EXCLUDED.width_cm, height_cm = EXCLUDED.height_cm, min_body_type_slug = EXCLUDED.min_body_type_slug, upright_only = EXCLUDED.upright_only;
INSERT INTO rides.haulage_item_variants (item_id, id, label, sort_order, weight_kg, length_cm, width_cm, height_cm, min_body_type_slug, upright_only, fragile_default, requires_disassembly_default, gear_tags) VALUES ('bbq_grill', 'charcoal', 'Charcoal', 20, 60, 80, 60, 100, 'pickup', FALSE, FALSE, FALSE, ARRAY[]::text[]) ON CONFLICT (item_id, id) DO UPDATE SET label = EXCLUDED.label, weight_kg = EXCLUDED.weight_kg, length_cm = EXCLUDED.length_cm, width_cm = EXCLUDED.width_cm, height_cm = EXCLUDED.height_cm, min_body_type_slug = EXCLUDED.min_body_type_slug, upright_only = EXCLUDED.upright_only;
INSERT INTO rides.haulage_item_variants (item_id, id, label, sort_order, weight_kg, length_cm, width_cm, height_cm, min_body_type_slug, upright_only, fragile_default, requires_disassembly_default, gear_tags) VALUES ('bbq_grill', 'pellet', 'Pellet', 30, 60, 80, 60, 100, 'pickup', FALSE, FALSE, FALSE, ARRAY[]::text[]) ON CONFLICT (item_id, id) DO UPDATE SET label = EXCLUDED.label, weight_kg = EXCLUDED.weight_kg, length_cm = EXCLUDED.length_cm, width_cm = EXCLUDED.width_cm, height_cm = EXCLUDED.height_cm, min_body_type_slug = EXCLUDED.min_body_type_slug, upright_only = EXCLUDED.upright_only;
INSERT INTO rides.haulage_item_variants (item_id, id, label, sort_order, weight_kg, length_cm, width_cm, height_cm, min_body_type_slug, upright_only, fragile_default, requires_disassembly_default, gear_tags) VALUES ('bbq_grill', 'built_in', 'Built-in', 40, 60, 80, 60, 100, 'pickup', FALSE, FALSE, FALSE, ARRAY[]::text[]) ON CONFLICT (item_id, id) DO UPDATE SET label = EXCLUDED.label, weight_kg = EXCLUDED.weight_kg, length_cm = EXCLUDED.length_cm, width_cm = EXCLUDED.width_cm, height_cm = EXCLUDED.height_cm, min_body_type_slug = EXCLUDED.min_body_type_slug, upright_only = EXCLUDED.upright_only;
INSERT INTO rides.haulage_items (id, category_id, subgroup_id, title, subtitle, icon, emoji, sort_order, requires_manual_specs) VALUES ('countertop_bundle', 'appliances', 'small_appliances', 'Countertop bundle', 'Small appliances box', 'blender', '🥤', 160, FALSE) ON CONFLICT (id) DO UPDATE SET title = EXCLUDED.title, subtitle = EXCLUDED.subtitle, requires_manual_specs = EXCLUDED.requires_manual_specs;
INSERT INTO rides.haulage_item_variants (item_id, id, label, sort_order, weight_kg, length_cm, width_cm, height_cm, min_body_type_slug, upright_only, fragile_default, requires_disassembly_default, gear_tags) VALUES ('countertop_bundle', 'small', 'Small', 10, 60, 80, 60, 100, 'pickup', FALSE, FALSE, FALSE, ARRAY[]::text[]) ON CONFLICT (item_id, id) DO UPDATE SET label = EXCLUDED.label, weight_kg = EXCLUDED.weight_kg, length_cm = EXCLUDED.length_cm, width_cm = EXCLUDED.width_cm, height_cm = EXCLUDED.height_cm, min_body_type_slug = EXCLUDED.min_body_type_slug, upright_only = EXCLUDED.upright_only;
INSERT INTO rides.haulage_item_variants (item_id, id, label, sort_order, weight_kg, length_cm, width_cm, height_cm, min_body_type_slug, upright_only, fragile_default, requires_disassembly_default, gear_tags) VALUES ('countertop_bundle', 'medium', 'Medium', 20, 60, 80, 60, 100, 'pickup', FALSE, FALSE, FALSE, ARRAY[]::text[]) ON CONFLICT (item_id, id) DO UPDATE SET label = EXCLUDED.label, weight_kg = EXCLUDED.weight_kg, length_cm = EXCLUDED.length_cm, width_cm = EXCLUDED.width_cm, height_cm = EXCLUDED.height_cm, min_body_type_slug = EXCLUDED.min_body_type_slug, upright_only = EXCLUDED.upright_only;
INSERT INTO rides.haulage_item_variants (item_id, id, label, sort_order, weight_kg, length_cm, width_cm, height_cm, min_body_type_slug, upright_only, fragile_default, requires_disassembly_default, gear_tags) VALUES ('countertop_bundle', 'large', 'Large', 30, 120, 120, 80, 150, 'cargo-van', FALSE, FALSE, FALSE, ARRAY['dolly', 'straps']) ON CONFLICT (item_id, id) DO UPDATE SET label = EXCLUDED.label, weight_kg = EXCLUDED.weight_kg, length_cm = EXCLUDED.length_cm, width_cm = EXCLUDED.width_cm, height_cm = EXCLUDED.height_cm, min_body_type_slug = EXCLUDED.min_body_type_slug, upright_only = EXCLUDED.upright_only;
INSERT INTO rides.haulage_item_variants (item_id, id, label, sort_order, weight_kg, length_cm, width_cm, height_cm, min_body_type_slug, upright_only, fragile_default, requires_disassembly_default, gear_tags) VALUES ('countertop_bundle', 'mixed', 'Mixed', 40, 60, 80, 60, 100, 'pickup', FALSE, FALSE, FALSE, ARRAY[]::text[]) ON CONFLICT (item_id, id) DO UPDATE SET label = EXCLUDED.label, weight_kg = EXCLUDED.weight_kg, length_cm = EXCLUDED.length_cm, width_cm = EXCLUDED.width_cm, height_cm = EXCLUDED.height_cm, min_body_type_slug = EXCLUDED.min_body_type_slug, upright_only = EXCLUDED.upright_only;
INSERT INTO rides.haulage_items (id, category_id, subgroup_id, title, subtitle, icon, emoji, sort_order, requires_manual_specs) VALUES ('vacuum_cleaner', 'appliances', 'small_appliances', 'Vacuum cleaner', 'Upright or canister', 'cleaning_services', '🧹', 170, FALSE) ON CONFLICT (id) DO UPDATE SET title = EXCLUDED.title, subtitle = EXCLUDED.subtitle, requires_manual_specs = EXCLUDED.requires_manual_specs;
INSERT INTO rides.haulage_item_variants (item_id, id, label, sort_order, weight_kg, length_cm, width_cm, height_cm, min_body_type_slug, upright_only, fragile_default, requires_disassembly_default, gear_tags) VALUES ('vacuum_cleaner', 'standard', 'Standard', 10, 60, 80, 60, 100, 'pickup', FALSE, FALSE, FALSE, ARRAY[]::text[]) ON CONFLICT (item_id, id) DO UPDATE SET label = EXCLUDED.label, weight_kg = EXCLUDED.weight_kg, length_cm = EXCLUDED.length_cm, width_cm = EXCLUDED.width_cm, height_cm = EXCLUDED.height_cm, min_body_type_slug = EXCLUDED.min_body_type_slug, upright_only = EXCLUDED.upright_only;
INSERT INTO rides.haulage_item_variants (item_id, id, label, sort_order, weight_kg, length_cm, width_cm, height_cm, min_body_type_slug, upright_only, fragile_default, requires_disassembly_default, gear_tags) VALUES ('vacuum_cleaner', 'compact', 'Compact', 20, 25, 50, 40, 40, 'sedan', FALSE, FALSE, FALSE, ARRAY[]::text[]) ON CONFLICT (item_id, id) DO UPDATE SET label = EXCLUDED.label, weight_kg = EXCLUDED.weight_kg, length_cm = EXCLUDED.length_cm, width_cm = EXCLUDED.width_cm, height_cm = EXCLUDED.height_cm, min_body_type_slug = EXCLUDED.min_body_type_slug, upright_only = EXCLUDED.upright_only;
INSERT INTO rides.haulage_item_variants (item_id, id, label, sort_order, weight_kg, length_cm, width_cm, height_cm, min_body_type_slug, upright_only, fragile_default, requires_disassembly_default, gear_tags) VALUES ('vacuum_cleaner', 'large', 'Large', 30, 120, 120, 80, 150, 'cargo-van', FALSE, FALSE, FALSE, ARRAY['dolly', 'straps']) ON CONFLICT (item_id, id) DO UPDATE SET label = EXCLUDED.label, weight_kg = EXCLUDED.weight_kg, length_cm = EXCLUDED.length_cm, width_cm = EXCLUDED.width_cm, height_cm = EXCLUDED.height_cm, min_body_type_slug = EXCLUDED.min_body_type_slug, upright_only = EXCLUDED.upright_only;
INSERT INTO rides.haulage_item_variants (item_id, id, label, sort_order, weight_kg, length_cm, width_cm, height_cm, min_body_type_slug, upright_only, fragile_default, requires_disassembly_default, gear_tags) VALUES ('vacuum_cleaner', 'commercial', 'Commercial', 40, 200, 180, 100, 180, 'box-truck', FALSE, FALSE, FALSE, ARRAY['dolly', 'straps']) ON CONFLICT (item_id, id) DO UPDATE SET label = EXCLUDED.label, weight_kg = EXCLUDED.weight_kg, length_cm = EXCLUDED.length_cm, width_cm = EXCLUDED.width_cm, height_cm = EXCLUDED.height_cm, min_body_type_slug = EXCLUDED.min_body_type_slug, upright_only = EXCLUDED.upright_only;
INSERT INTO rides.haulage_items (id, category_id, subgroup_id, title, subtitle, icon, emoji, sort_order, requires_manual_specs) VALUES ('sofa', 'furniture', NULL, 'Sofa', 'Living room seating', 'weekend', NULL, 10, FALSE) ON CONFLICT (id) DO UPDATE SET title = EXCLUDED.title, subtitle = EXCLUDED.subtitle, requires_manual_specs = EXCLUDED.requires_manual_specs;
INSERT INTO rides.haulage_item_variants (item_id, id, label, sort_order, weight_kg, length_cm, width_cm, height_cm, min_body_type_slug, upright_only, fragile_default, requires_disassembly_default, gear_tags) VALUES ('sofa', 'two_seater', 'Two seater', 10, 60, 80, 60, 100, 'pickup', FALSE, FALSE, FALSE, ARRAY[]::text[]) ON CONFLICT (item_id, id) DO UPDATE SET label = EXCLUDED.label, weight_kg = EXCLUDED.weight_kg, length_cm = EXCLUDED.length_cm, width_cm = EXCLUDED.width_cm, height_cm = EXCLUDED.height_cm, min_body_type_slug = EXCLUDED.min_body_type_slug, upright_only = EXCLUDED.upright_only;
INSERT INTO rides.haulage_item_variants (item_id, id, label, sort_order, weight_kg, length_cm, width_cm, height_cm, min_body_type_slug, upright_only, fragile_default, requires_disassembly_default, gear_tags) VALUES ('sofa', 'three_seater', 'Three seater', 20, 60, 80, 60, 100, 'pickup', FALSE, FALSE, FALSE, ARRAY[]::text[]) ON CONFLICT (item_id, id) DO UPDATE SET label = EXCLUDED.label, weight_kg = EXCLUDED.weight_kg, length_cm = EXCLUDED.length_cm, width_cm = EXCLUDED.width_cm, height_cm = EXCLUDED.height_cm, min_body_type_slug = EXCLUDED.min_body_type_slug, upright_only = EXCLUDED.upright_only;
INSERT INTO rides.haulage_item_variants (item_id, id, label, sort_order, weight_kg, length_cm, width_cm, height_cm, min_body_type_slug, upright_only, fragile_default, requires_disassembly_default, gear_tags) VALUES ('sofa', 'sectional', 'Sectional', 30, 60, 80, 60, 100, 'pickup', FALSE, FALSE, FALSE, ARRAY[]::text[]) ON CONFLICT (item_id, id) DO UPDATE SET label = EXCLUDED.label, weight_kg = EXCLUDED.weight_kg, length_cm = EXCLUDED.length_cm, width_cm = EXCLUDED.width_cm, height_cm = EXCLUDED.height_cm, min_body_type_slug = EXCLUDED.min_body_type_slug, upright_only = EXCLUDED.upright_only;
INSERT INTO rides.haulage_item_variants (item_id, id, label, sort_order, weight_kg, length_cm, width_cm, height_cm, min_body_type_slug, upright_only, fragile_default, requires_disassembly_default, gear_tags) VALUES ('sofa', 'recliner', 'Recliner', 40, 60, 80, 60, 100, 'pickup', FALSE, FALSE, FALSE, ARRAY[]::text[]) ON CONFLICT (item_id, id) DO UPDATE SET label = EXCLUDED.label, weight_kg = EXCLUDED.weight_kg, length_cm = EXCLUDED.length_cm, width_cm = EXCLUDED.width_cm, height_cm = EXCLUDED.height_cm, min_body_type_slug = EXCLUDED.min_body_type_slug, upright_only = EXCLUDED.upright_only;
INSERT INTO rides.haulage_items (id, category_id, subgroup_id, title, subtitle, icon, emoji, sort_order, requires_manual_specs) VALUES ('bed_frame', 'furniture', NULL, 'Bed / mattress', 'Mattress or bed frame', 'bed', NULL, 20, FALSE) ON CONFLICT (id) DO UPDATE SET title = EXCLUDED.title, subtitle = EXCLUDED.subtitle, requires_manual_specs = EXCLUDED.requires_manual_specs;
INSERT INTO rides.haulage_item_variants (item_id, id, label, sort_order, weight_kg, length_cm, width_cm, height_cm, min_body_type_slug, upright_only, fragile_default, requires_disassembly_default, gear_tags) VALUES ('bed_frame', 'twin', 'Twin / single', 10, 20, 97, 38, 25, 'suv', FALSE, FALSE, FALSE, ARRAY[]::text[]) ON CONFLICT (item_id, id) DO UPDATE SET label = EXCLUDED.label, weight_kg = EXCLUDED.weight_kg, length_cm = EXCLUDED.length_cm, width_cm = EXCLUDED.width_cm, height_cm = EXCLUDED.height_cm, min_body_type_slug = EXCLUDED.min_body_type_slug, upright_only = EXCLUDED.upright_only;
INSERT INTO rides.haulage_item_variants (item_id, id, label, sort_order, weight_kg, length_cm, width_cm, height_cm, min_body_type_slug, upright_only, fragile_default, requires_disassembly_default, gear_tags) VALUES ('bed_frame', 'queen', 'Queen', 20, 32, 203, 60, 30, 'pickup', FALSE, FALSE, FALSE, ARRAY[]::text[]) ON CONFLICT (item_id, id) DO UPDATE SET label = EXCLUDED.label, weight_kg = EXCLUDED.weight_kg, length_cm = EXCLUDED.length_cm, width_cm = EXCLUDED.width_cm, height_cm = EXCLUDED.height_cm, min_body_type_slug = EXCLUDED.min_body_type_slug, upright_only = EXCLUDED.upright_only;
INSERT INTO rides.haulage_item_variants (item_id, id, label, sort_order, weight_kg, length_cm, width_cm, height_cm, min_body_type_slug, upright_only, fragile_default, requires_disassembly_default, gear_tags) VALUES ('bed_frame', 'king', 'King', 30, 41, 203, 76, 30, 'cargo-van', FALSE, FALSE, FALSE, ARRAY[]::text[]) ON CONFLICT (item_id, id) DO UPDATE SET label = EXCLUDED.label, weight_kg = EXCLUDED.weight_kg, length_cm = EXCLUDED.length_cm, width_cm = EXCLUDED.width_cm, height_cm = EXCLUDED.height_cm, min_body_type_slug = EXCLUDED.min_body_type_slug, upright_only = EXCLUDED.upright_only;
INSERT INTO rides.haulage_item_variants (item_id, id, label, sort_order, weight_kg, length_cm, width_cm, height_cm, min_body_type_slug, upright_only, fragile_default, requires_disassembly_default, gear_tags) VALUES ('bed_frame', 'bunk', 'Bunk', 40, 55, 200, 100, 160, 'cargo-van', FALSE, FALSE, TRUE, ARRAY[]::text[]) ON CONFLICT (item_id, id) DO UPDATE SET label = EXCLUDED.label, weight_kg = EXCLUDED.weight_kg, length_cm = EXCLUDED.length_cm, width_cm = EXCLUDED.width_cm, height_cm = EXCLUDED.height_cm, min_body_type_slug = EXCLUDED.min_body_type_slug, upright_only = EXCLUDED.upright_only;
INSERT INTO rides.haulage_items (id, category_id, subgroup_id, title, subtitle, icon, emoji, sort_order, requires_manual_specs) VALUES ('office_set', 'furniture', NULL, 'Office set', 'Desk and chair', 'chair', NULL, 30, FALSE) ON CONFLICT (id) DO UPDATE SET title = EXCLUDED.title, subtitle = EXCLUDED.subtitle, requires_manual_specs = EXCLUDED.requires_manual_specs;
INSERT INTO rides.haulage_item_variants (item_id, id, label, sort_order, weight_kg, length_cm, width_cm, height_cm, min_body_type_slug, upright_only, fragile_default, requires_disassembly_default, gear_tags) VALUES ('office_set', 'desk', 'Desk', 10, 60, 80, 60, 100, 'pickup', FALSE, FALSE, FALSE, ARRAY[]::text[]) ON CONFLICT (item_id, id) DO UPDATE SET label = EXCLUDED.label, weight_kg = EXCLUDED.weight_kg, length_cm = EXCLUDED.length_cm, width_cm = EXCLUDED.width_cm, height_cm = EXCLUDED.height_cm, min_body_type_slug = EXCLUDED.min_body_type_slug, upright_only = EXCLUDED.upright_only;
INSERT INTO rides.haulage_item_variants (item_id, id, label, sort_order, weight_kg, length_cm, width_cm, height_cm, min_body_type_slug, upright_only, fragile_default, requires_disassembly_default, gear_tags) VALUES ('office_set', 'chair', 'Chair', 20, 60, 80, 60, 100, 'pickup', FALSE, FALSE, FALSE, ARRAY[]::text[]) ON CONFLICT (item_id, id) DO UPDATE SET label = EXCLUDED.label, weight_kg = EXCLUDED.weight_kg, length_cm = EXCLUDED.length_cm, width_cm = EXCLUDED.width_cm, height_cm = EXCLUDED.height_cm, min_body_type_slug = EXCLUDED.min_body_type_slug, upright_only = EXCLUDED.upright_only;
INSERT INTO rides.haulage_item_variants (item_id, id, label, sort_order, weight_kg, length_cm, width_cm, height_cm, min_body_type_slug, upright_only, fragile_default, requires_disassembly_default, gear_tags) VALUES ('office_set', 'cabinet', 'Cabinet', 30, 60, 80, 60, 100, 'pickup', FALSE, FALSE, FALSE, ARRAY[]::text[]) ON CONFLICT (item_id, id) DO UPDATE SET label = EXCLUDED.label, weight_kg = EXCLUDED.weight_kg, length_cm = EXCLUDED.length_cm, width_cm = EXCLUDED.width_cm, height_cm = EXCLUDED.height_cm, min_body_type_slug = EXCLUDED.min_body_type_slug, upright_only = EXCLUDED.upright_only;
INSERT INTO rides.haulage_item_variants (item_id, id, label, sort_order, weight_kg, length_cm, width_cm, height_cm, min_body_type_slug, upright_only, fragile_default, requires_disassembly_default, gear_tags) VALUES ('office_set', 'full_set', 'Full set', 40, 60, 80, 60, 100, 'pickup', FALSE, FALSE, FALSE, ARRAY[]::text[]) ON CONFLICT (item_id, id) DO UPDATE SET label = EXCLUDED.label, weight_kg = EXCLUDED.weight_kg, length_cm = EXCLUDED.length_cm, width_cm = EXCLUDED.width_cm, height_cm = EXCLUDED.height_cm, min_body_type_slug = EXCLUDED.min_body_type_slug, upright_only = EXCLUDED.upright_only;
INSERT INTO rides.haulage_items (id, category_id, subgroup_id, title, subtitle, icon, emoji, sort_order, requires_manual_specs) VALUES ('tv', 'electronics', NULL, 'Television', 'Flat panel TV', 'tv', NULL, 10, FALSE) ON CONFLICT (id) DO UPDATE SET title = EXCLUDED.title, subtitle = EXCLUDED.subtitle, requires_manual_specs = EXCLUDED.requires_manual_specs;
INSERT INTO rides.haulage_item_variants (item_id, id, label, sort_order, weight_kg, length_cm, width_cm, height_cm, min_body_type_slug, upright_only, fragile_default, requires_disassembly_default, gear_tags) VALUES ('tv', 'under_50', 'Under 50"', 10, 60, 80, 60, 100, 'pickup', FALSE, FALSE, FALSE, ARRAY[]::text[]) ON CONFLICT (item_id, id) DO UPDATE SET label = EXCLUDED.label, weight_kg = EXCLUDED.weight_kg, length_cm = EXCLUDED.length_cm, width_cm = EXCLUDED.width_cm, height_cm = EXCLUDED.height_cm, min_body_type_slug = EXCLUDED.min_body_type_slug, upright_only = EXCLUDED.upright_only;
INSERT INTO rides.haulage_item_variants (item_id, id, label, sort_order, weight_kg, length_cm, width_cm, height_cm, min_body_type_slug, upright_only, fragile_default, requires_disassembly_default, gear_tags) VALUES ('tv', 'inch_50_65', '50–65"', 20, 60, 80, 60, 100, 'pickup', FALSE, FALSE, FALSE, ARRAY[]::text[]) ON CONFLICT (item_id, id) DO UPDATE SET label = EXCLUDED.label, weight_kg = EXCLUDED.weight_kg, length_cm = EXCLUDED.length_cm, width_cm = EXCLUDED.width_cm, height_cm = EXCLUDED.height_cm, min_body_type_slug = EXCLUDED.min_body_type_slug, upright_only = EXCLUDED.upright_only;
INSERT INTO rides.haulage_item_variants (item_id, id, label, sort_order, weight_kg, length_cm, width_cm, height_cm, min_body_type_slug, upright_only, fragile_default, requires_disassembly_default, gear_tags) VALUES ('tv', 'over_65', 'Over 65"', 30, 60, 80, 60, 100, 'pickup', FALSE, FALSE, FALSE, ARRAY[]::text[]) ON CONFLICT (item_id, id) DO UPDATE SET label = EXCLUDED.label, weight_kg = EXCLUDED.weight_kg, length_cm = EXCLUDED.length_cm, width_cm = EXCLUDED.width_cm, height_cm = EXCLUDED.height_cm, min_body_type_slug = EXCLUDED.min_body_type_slug, upright_only = EXCLUDED.upright_only;
INSERT INTO rides.haulage_item_variants (item_id, id, label, sort_order, weight_kg, length_cm, width_cm, height_cm, min_body_type_slug, upright_only, fragile_default, requires_disassembly_default, gear_tags) VALUES ('tv', 'commercial_display', 'Commercial display', 40, 60, 80, 60, 100, 'pickup', FALSE, FALSE, FALSE, ARRAY[]::text[]) ON CONFLICT (item_id, id) DO UPDATE SET label = EXCLUDED.label, weight_kg = EXCLUDED.weight_kg, length_cm = EXCLUDED.length_cm, width_cm = EXCLUDED.width_cm, height_cm = EXCLUDED.height_cm, min_body_type_slug = EXCLUDED.min_body_type_slug, upright_only = EXCLUDED.upright_only;
INSERT INTO rides.haulage_items (id, category_id, subgroup_id, title, subtitle, icon, emoji, sort_order, requires_manual_specs) VALUES ('server_rack', 'electronics', NULL, 'Server rack', 'IT equipment', 'dns', NULL, 20, FALSE) ON CONFLICT (id) DO UPDATE SET title = EXCLUDED.title, subtitle = EXCLUDED.subtitle, requires_manual_specs = EXCLUDED.requires_manual_specs;
INSERT INTO rides.haulage_item_variants (item_id, id, label, sort_order, weight_kg, length_cm, width_cm, height_cm, min_body_type_slug, upright_only, fragile_default, requires_disassembly_default, gear_tags) VALUES ('server_rack', 'single', 'Single unit', 10, 60, 80, 60, 100, 'pickup', FALSE, FALSE, FALSE, ARRAY[]::text[]) ON CONFLICT (item_id, id) DO UPDATE SET label = EXCLUDED.label, weight_kg = EXCLUDED.weight_kg, length_cm = EXCLUDED.length_cm, width_cm = EXCLUDED.width_cm, height_cm = EXCLUDED.height_cm, min_body_type_slug = EXCLUDED.min_body_type_slug, upright_only = EXCLUDED.upright_only;
INSERT INTO rides.haulage_item_variants (item_id, id, label, sort_order, weight_kg, length_cm, width_cm, height_cm, min_body_type_slug, upright_only, fragile_default, requires_disassembly_default, gear_tags) VALUES ('server_rack', 'half_rack', 'Half rack', 20, 60, 80, 60, 100, 'pickup', FALSE, FALSE, FALSE, ARRAY[]::text[]) ON CONFLICT (item_id, id) DO UPDATE SET label = EXCLUDED.label, weight_kg = EXCLUDED.weight_kg, length_cm = EXCLUDED.length_cm, width_cm = EXCLUDED.width_cm, height_cm = EXCLUDED.height_cm, min_body_type_slug = EXCLUDED.min_body_type_slug, upright_only = EXCLUDED.upright_only;
INSERT INTO rides.haulage_item_variants (item_id, id, label, sort_order, weight_kg, length_cm, width_cm, height_cm, min_body_type_slug, upright_only, fragile_default, requires_disassembly_default, gear_tags) VALUES ('server_rack', 'full_rack', 'Full rack', 30, 60, 80, 60, 100, 'pickup', FALSE, FALSE, FALSE, ARRAY[]::text[]) ON CONFLICT (item_id, id) DO UPDATE SET label = EXCLUDED.label, weight_kg = EXCLUDED.weight_kg, length_cm = EXCLUDED.length_cm, width_cm = EXCLUDED.width_cm, height_cm = EXCLUDED.height_cm, min_body_type_slug = EXCLUDED.min_body_type_slug, upright_only = EXCLUDED.upright_only;
INSERT INTO rides.haulage_item_variants (item_id, id, label, sort_order, weight_kg, length_cm, width_cm, height_cm, min_body_type_slug, upright_only, fragile_default, requires_disassembly_default, gear_tags) VALUES ('server_rack', 'custom', 'Custom', 40, 60, 80, 60, 100, 'pickup', FALSE, FALSE, FALSE, ARRAY[]::text[]) ON CONFLICT (item_id, id) DO UPDATE SET label = EXCLUDED.label, weight_kg = EXCLUDED.weight_kg, length_cm = EXCLUDED.length_cm, width_cm = EXCLUDED.width_cm, height_cm = EXCLUDED.height_cm, min_body_type_slug = EXCLUDED.min_body_type_slug, upright_only = EXCLUDED.upright_only;
INSERT INTO rides.haulage_items (id, category_id, subgroup_id, title, subtitle, icon, emoji, sort_order, requires_manual_specs) VALUES ('custom_freight', 'other', NULL, 'Custom freight', 'Crates, pallets, machinery', 'inventory_2', NULL, 10, TRUE) ON CONFLICT (id) DO UPDATE SET title = EXCLUDED.title, subtitle = EXCLUDED.subtitle, requires_manual_specs = EXCLUDED.requires_manual_specs;
INSERT INTO rides.haulage_item_variants (item_id, id, label, sort_order, weight_kg, length_cm, width_cm, height_cm, min_body_type_slug, upright_only, fragile_default, requires_disassembly_default, gear_tags) VALUES ('custom_freight', 'crate', 'Crate', 10, 50, NULL, NULL, NULL, NULL, FALSE, FALSE, FALSE, ARRAY[]::text[]) ON CONFLICT (item_id, id) DO UPDATE SET label = EXCLUDED.label, weight_kg = EXCLUDED.weight_kg, length_cm = EXCLUDED.length_cm, width_cm = EXCLUDED.width_cm, height_cm = EXCLUDED.height_cm, min_body_type_slug = EXCLUDED.min_body_type_slug, upright_only = EXCLUDED.upright_only;
INSERT INTO rides.haulage_item_variants (item_id, id, label, sort_order, weight_kg, length_cm, width_cm, height_cm, min_body_type_slug, upright_only, fragile_default, requires_disassembly_default, gear_tags) VALUES ('custom_freight', 'pallet', 'Pallet', 20, 50, NULL, NULL, NULL, NULL, FALSE, FALSE, FALSE, ARRAY[]::text[]) ON CONFLICT (item_id, id) DO UPDATE SET label = EXCLUDED.label, weight_kg = EXCLUDED.weight_kg, length_cm = EXCLUDED.length_cm, width_cm = EXCLUDED.width_cm, height_cm = EXCLUDED.height_cm, min_body_type_slug = EXCLUDED.min_body_type_slug, upright_only = EXCLUDED.upright_only;
INSERT INTO rides.haulage_item_variants (item_id, id, label, sort_order, weight_kg, length_cm, width_cm, height_cm, min_body_type_slug, upright_only, fragile_default, requires_disassembly_default, gear_tags) VALUES ('custom_freight', 'machinery', 'Machinery', 30, 50, NULL, NULL, NULL, NULL, FALSE, FALSE, FALSE, ARRAY[]::text[]) ON CONFLICT (item_id, id) DO UPDATE SET label = EXCLUDED.label, weight_kg = EXCLUDED.weight_kg, length_cm = EXCLUDED.length_cm, width_cm = EXCLUDED.width_cm, height_cm = EXCLUDED.height_cm, min_body_type_slug = EXCLUDED.min_body_type_slug, upright_only = EXCLUDED.upright_only;
INSERT INTO rides.haulage_item_variants (item_id, id, label, sort_order, weight_kg, length_cm, width_cm, height_cm, min_body_type_slug, upright_only, fragile_default, requires_disassembly_default, gear_tags) VALUES ('custom_freight', 'mixed', 'Mixed load', 40, 50, NULL, NULL, NULL, NULL, FALSE, FALSE, FALSE, ARRAY[]::text[]) ON CONFLICT (item_id, id) DO UPDATE SET label = EXCLUDED.label, weight_kg = EXCLUDED.weight_kg, length_cm = EXCLUDED.length_cm, width_cm = EXCLUDED.width_cm, height_cm = EXCLUDED.height_cm, min_body_type_slug = EXCLUDED.min_body_type_slug, upright_only = EXCLUDED.upright_only;

-- Seed complete: 4 categories, 6 subgroups, 23 items, 92 variants.